,Año del censo,Partido,Cultivo,Total
0,2018,Buenos Aires,Cereales,"3880253,4"
1,2018,Adolfo Alsina,Cereales,"117978,9"
2,2018,Adolfo Gonzales Chaves,Cereales,77474
3,2018,Alberti,Cereales,"36735,1"
4,2018,Almirante Brown,Cereales,400
5,2018,Arrecifes,Cereales,"37000,8"
6,2018,Avellaneda,Cereales,0
7,2018,Ayacucho,Cereales,"19693,4"
8,2018,Azul,Cereales,"64504,5"
9,2018,Bahía Blanca,Cereales,"19377,9"
10,2018,Balcarce,Cereales,"60552,6"
11,2018,Baradero,Cereales,26901
12,2018,Benito Juárez,Cereales,"55256,6"
13,2018,Berazategui,Cereales,"40,3"
14,2018,Berisso,Cereales,0
15,2018,Bolívar,Cereales,45848
16,2018,Bragado,Cereales,"45227,6"
17,2018,Brandsen,Cereales,120
18,2018,Campana,Cereales,"3181,8"
19,2018,Cañuelas,Cereales,"3041,5"
20,2018,Capitán Sarmiento,Cereales,"14337,5"
21,2018,Carlos Casares,Cereales,"31733,7"
22,2018,Carlos Tejedor,Cereales,38287
23,2018,Carmen de Areco,Cereales,"12579,2"
24,2018,Castelli,Cereales,"3889,5"
25,2018,Chacabuco,Cereales,"43436,1"
26,2018,Chascomús,Cereales,13060
27,2018,Chivilcoy,Cereales,"38484,7"
28,2018,Colón,Cereales,"22436,7"
29,2018,Coronel de Marina Leonardo Rosales,Cereales,26970
30,2018,Coronel Dorrego,Cereales,"227055,2"
31,2018,Coronel Pringles,Cereales,"77626,7"
32,2018,Coronel Suárez,Cereales,"141403,3"
33,2018,Daireaux,Cereales,"44477,6"
34,2018,Dolores,Cereales,500
35,2018,Ensenada,Cereales,0
36,2018,Escobar,Cereales,0
37,2018,Esteban Echeverría,Cereales,3
38,2018,Exaltación de la Cruz,Cereales,"13138,4"
39,2018,Ezeiza,Cereales,60
40,2018,Florencio Varela,Cereales,176
41,2018,Florentino Ameghino,Cereales,"27018,5"
42,2018,General Alvarado,Cereales,"37853,4"
43,2018,General Alvear,Cereales,14481
44,2018,General Arenales,Cereales,"29539,1"
45,2018,General Belgrano,Cereales,"13689,6"
46,2018,General Guido,Cereales,3852
47,2018,General Juan Madariaga,Cereales,"11889,6"
48,2018,General La Madrid,Cereales,"51825,2"
49,2018,General Las Heras,Cereales,"2010,5"
50,2018,General Lavalle,Cereales,627
51,2018,General Paz,Cereales,2301
52,2018,General Pinto,Cereales,"38047,5"
53,2018,General Pueyrredón,Cereales,"20213,8"
54,2018,General Rodríguez,Cereales,1685
55,2018,General San Martín,Cereales,
56,2018,General Viamonte,Cereales,"28692,4"
57,2018,General Villegas,Cereales,"97797,7"
58,2018,Guaminí,Cereales,66420
59,2018,Hipólito Yrigoyen,Cereales,32395
60,2018,Hurlingham,Cereales,0
61,2018,Ituzaingó,Cereales,0
62,2018,"José C, Paz",Cereales,0
63,2018,Junín,Cereales,"38701,1"
64,2018,La Costa,Cereales,40
65,2018,La Matanza,Cereales,386
66,2018,Lanús,Cereales,
67,2018,La Plata,Cereales,535
68,2018,Laprida,Cereales,"14547,3"
69,2018,Las Flores,Cereales,"11376,9"
70,2018,"Leandro N, Alem",Cereales,"28833,7"
71,2018,Lezama,Cereales,"6212,5"
72,2018,Lincoln,Cereales,"76768,5"
73,2018,Lobería,Cereales,"117424,6"
74,2018,Lobos,Cereales,"24723,5"
75,2018,Lomas de Zamora,Cereales,0
76,2018,Luján,Cereales,"9224,4"
77,2018,Magdalena,Cereales,2755
78,2018,Maipú,Cereales,6007
79,2018,Malvinas Argentinas,Cereales,0
80,2018,Mar Chiquita,Cereales,"15437,9"
81,2018,Marcos Paz,Cereales,"3973,9"
82,2018,Mercedes,Cereales,"10350,1"
83,2018,Merlo,Cereales,"542,5"
84,2018,Monte,Cereales,"20054,2"
85,2018,Monte Hermoso,Cereales,0
86,2018,Moreno,Cereales,85
87,2018,Morón,Cereales,0
88,2018,Navarro,Cereales,"19114,6"
89,2018,Necochea,Cereales,116782
90,2018,9 de julio,Cereales,"67955,1"
91,2018,Olavarría,Cereales,36562
92,2018,Patagones,Cereales,"51294,1"
93,2018,Pehuajó,Cereales,"87171,4"
94,2018,Pellegrini,Cereales,"33817,4"
95,2018,Pergamino,Cereales,"60506,7"
96,2018,Pila,Cereales,"7009,5"
97,2018,Pilar,Cereales,115
98,2018,Pinamar,Cereales,
99,2018,Presidente Perón,Cereales,0
100,2018,Puán,Cereales,85476
101,2018,Punta Indio,Cereales,78
102,2018,Quilmes,Cereales,0
103,2018,Ramallo,Cereales,"19780,9"
104,2018,Rauch,Cereales,7235
105,2018,Rivadavia,Cereales,"81376,7"
106,2018,Rojas,Cereales,"58145,1"
107,2018,Roque Pérez,Cereales,"14540,4"
108,2018,Saavedra,Cereales,69445
109,2018,Saladillo,Cereales,"19665,9"
110,2018,Salliqueló,Cereales,11426
111,2018,Salto,Cereales,"40480,7"
112,2018,San Andrés de Giles,Cereales,"24135,7"
113,2018,San Antonio de Areco,Cereales,"29504,5"
114,2018,San Cayetano,Cereales,"79199,8"
115,2018,San Fernando,Cereales,0
116,2018,San Isidro,Cereales,
117,2018,San Miguel,Cereales,0
118,2018,San Nicolás,Cereales,10890
119,2018,San Pedro,Cereales,25033
120,2018,San Vicente,Cereales,720
121,2018,Suipacha,Cereales,9394
122,2018,Tandil,Cereales,"104981,5"
123,2018,Tapalqué,Cereales,"9259,5"
124,2018,Tigre,Cereales,0
125,2018,Tordillo,Cereales,0
126,2018,Tornquist,Cereales,50557
127,2018,Trenque Lauquen,Cereales,"89972,4"
128,2018,Tres Arroyos,Cereales,"201099,6"
129,2018,Tres de Febrero,Cereales,0
130,2018,Tres Lomas,Cereales,"18720,5"
131,2018,25 de mayo,Cereales,"70461,1"
132,2018,Vicente López,Cereales,
133,2018,Villa Gesell,Cereales,
134,2018,Villarino,Cereales,"28814,4"
135,2018,Zárate,Cereales,"8225,3"
136,2002,Buenos Aires,Cereales,"4042566,1"
137,2002,Adolfo Alsina,Cereales,"131183,5"
138,2002,Adolfo Gonzales Chaves,Cereales,"81809,5"
139,2002,Alberti,Cereales,"47039,9"
140,2002,Almirante Brown,Cereales,0
141,2002,Arrecifes,Cereales,"25384,5"
142,2002,Avellaneda,Cereales,0
143,2002,Ayacucho,Cereales,"13383,3"
144,2002,Azul,Cereales,"101375,5"
145,2002,Bahía Blanca,Cereales,27100
146,2002,Balcarce,Cereales,"71399,2"
147,2002,Baradero,Cereales,"22317,7"
148,2002,Benito Juárez,Cereales,"48396,5"
149,2002,Berazategui,Cereales,0
150,2002,Berisso,Cereales,0
151,2002,Bolívar,Cereales,"21786,7"
152,2002,Bragado,Cereales,"58055,6"
153,2002,Brandsen,Cereales,603
154,2002,Campana,Cereales,2361
155,2002,Cañuelas,Cereales,4425
156,2002,Capitán Sarmiento,Cereales,"10652,6"
157,2002,Carlos Casares,Cereales,"23012,5"
158,2002,Carlos Tejedor,Cereales,"23685,5"
159,2002,Carmen de Areco,Cereales,14657
160,2002,Castelli,Cereales,5293
161,2002,Chacabuco,Cereales,"41796,3"
162,2002,Chascomús,Cereales,12877
163,2002,Chivilcoy,Cereales,"55562,7"
164,2002,Colón,Cereales,25206
165,2002,Coronel de Marina Leonardo Rosales,Cereales,28276
166,2002,Coronel Dorrego,Cereales,"213563,5"
167,2002,Coronel Pringles,Cereales,96112
168,2002,Coronel Suárez,Cereales,169648
169,2002,Daireaux,Cereales,35391
170,2002,Dolores,Cereales,929
171,2002,Ensenada,Cereales,0
172,2002,Escobar,Cereales,15
173,2002,Esteban Echeverría,Cereales,0
174,2002,Exaltación de la Cruz,Cereales,11175
175,2002,Ezeiza,Cereales,78
176,2002,Florencio Varela,Cereales,275
177,2002,Florentino Ameghino,Cereales,"14675,5"
178,2002,General Alvarado,Cereales,"44163,5"
179,2002,General Alvear,Cereales,7267
180,2002,General Arenales,Cereales,57611
181,2002,General Belgrano,Cereales,"10893,5"
182,2002,General Guido,Cereales,2119
183,2002,General Juan Madariaga,Cereales,8982
184,2002,General La Madrid,Cereales,39960
185,2002,General Las Heras,Cereales,1476
186,2002,General Lavalle,Cereales,602
187,2002,General Paz,Cereales,1639
188,2002,General Pinto,Cereales,43927
189,2002,General Pueyrredón,Cereales,"28453,7"
190,2002,General Rodríguez,Cereales,2021
191,2002,General San Martín,Cereales,0
192,2002,General Viamonte,Cereales,"22842,5"
193,2002,General Villegas,Cereales,"92964,5"
194,2002,Guaminí,Cereales,"81441,5"
195,2002,Hipólito Yrigoyen,Cereales,"18038,5"
196,2002,Hurlingham,Cereales,0
197,2002,Ituzaingó,Cereales,0
198,2002,"José C, Paz",Cereales,0
199,2002,Junín,Cereales,42794
200,2002,La Costa,Cereales,0
201,2002,La Matanza,Cereales,1062
202,2002,Lanús,Cereales,0
203,2002,La Plata,Cereales,"1207,5"
204,2002,Laprida,Cereales,18547
205,2002,Las Flores,Cereales,"8313,5"
206,2002,"Leandro N, Alem",Cereales,"33601,5"
207,2002,Lezama,Cereales,
208,2002,Lincoln,Cereales,"69977,5"
209,2002,Lobería,Cereales,"124508,1"
210,2002,Lobos,Cereales,"13490,5"
211,2002,Lomas de Zamora,Cereales,15
212,2002,Luján,Cereales,6494
213,2002,Magdalena,Cereales,3812
214,2002,Maipú,Cereales,6080
215,2002,Malvinas Argentinas,Cereales,0
216,2002,Mar Chiquita,Cereales,"14524,2"
217,2002,Marcos Paz,Cereales,"2953,5"
218,2002,Mercedes,Cereales,"8904,5"
219,2002,Merlo,Cereales,301
220,2002,Monte,Cereales,8648
221,2002,Monte Hermoso,Cereales,0
222,2002,Moreno,Cereales,0
223,2002,Morón,Cereales,0
224,2002,Navarro,Cereales,"12284,5"
225,2002,Necochea,Cereales,"151150,5"
226,2002,9 de julio,Cereales,"43630,3"
227,2002,Olavarría,Cereales,"47009,5"
228,2002,Patagones,Cereales,145991
229,2002,Pehuajó,Cereales,"68935,5"
230,2002,Pellegrini,Cereales,"17739,8"
231,2002,Pergamino,Cereales,"65627,8"
232,2002,Pila,Cereales,2641
233,2002,Pilar,Cereales,120
234,2002,Pinamar,Cereales,0
235,2002,Presidente Perón,Cereales,650
236,2002,Puán,Cereales,"113688,5"
237,2002,Punta Indio,Cereales,742
238,2002,Quilmes,Cereales,0
239,2002,Ramallo,Cereales,20443
240,2002,Rauch,Cereales,"5400,5"
241,2002,Rivadavia,Cereales,"49514,7"
242,2002,Rojas,Cereales,"53080,4"
243,2002,Roque Pérez,Cereales,13219
244,2002,Saavedra,Cereales,"91192,5"
245,2002,Saladillo,Cereales,"37903,5"
246,2002,Salliqueló,Cereales,9799
247,2002,Salto,Cereales,"43597,5"
248,2002,San Andrés de Giles,Cereales,24408
249,2002,San Antonio de Areco,Cereales,"28428,5"
250,2002,San Cayetano,Cereales,"79588,5"
251,2002,San Fernando,Cereales,0
252,2002,San Isidro,Cereales,0
253,2002,San Miguel,Cereales,0
254,2002,San Nicolás,Cereales,14042
255,2002,San Pedro,Cereales,"23208,6"
256,2002,San Vicente,Cereales,0
257,2002,Suipacha,Cereales,8604
258,2002,Tandil,Cereales,"109052,1"
259,2002,Tapalqué,Cereales,2864
260,2002,Tigre,Cereales,0
261,2002,Tordillo,Cereales,426
262,2002,Tornquist,Cereales,76510
263,2002,Trenque Lauquen,Cereales,73424
264,2002,Tres Arroyos,Cereales,"208850,9"
265,2002,Tres de Febrero,Cereales,0
266,2002,Tres Lomas,Cereales,13991
267,2002,25 de mayo,Cereales,"42407,5"
268,2002,Vicente López,Cereales,0
269,2002,Villa Gesell,Cereales,0
270,2002,Villarino,Cereales,65831
271,2002,Zárate,Cereales,"7432,5"
272,1988,Buenos Aires,Cereales,"3651207,8"
273,1988,Adolfo Alsina,Cereales,"121345,5"
274,1988,Adolfo Gonzales Chaves,Cereales,"71587,8"
275,1988,Alberti,Cereales,"31321,5"
276,1988,Almirante Brown,Cereales,0
277,1988,Arrecifes,Cereales,
278,1988,Avellaneda,Cereales,0
279,1988,Ayacucho,Cereales,"14465,5"
280,1988,Azul,Cereales,"62225,8"
281,1988,Bahía Blanca,Cereales,34555
282,1988,Balcarce,Cereales,"58836,4"
283,1988,Baradero,Cereales,"17697,5"
284,1988,Bartolomé Mitre,Cereales,"25016,5"
285,1988,Benito Juárez,Cereales,59281
286,1988,Berazategui,Cereales,332
287,1988,Berisso,Cereales,12
288,1988,Bolívar,Cereales,"14801,7"
289,1988,Bragado,Cereales,"50082,5"
290,1988,Brandsen,Cereales,"469,5"
291,1988,Campana,Cereales,"1441,4"
292,1988,Cañuelas,Cereales,4397
293,1988,Capitán Sarmiento,Cereales,13822
294,1988,Carlos Casares,Cereales,"14996,5"
295,1988,Carlos Tejedor,Cereales,12977
296,1988,Carmen de Areco,Cereales,"11852,5"
297,1988,Castelli,Cereales,"3573,5"
298,1988,Chacabuco,Cereales,"62076,5"
299,1988,Chascomús,Cereales,"8189,4"
300,1988,Chivilcoy,Cereales,"49351,7"
301,1988,Colón,Cereales,"36474,9"
302,1988,Coronel de Marina Leonardo Rosales,Cereales,22204
303,1988,Coronel Dorrego,Cereales,"155796,6"
304,1988,Coronel Pringles,Cereales,"102799,9"
305,1988,Coronel Suárez,Cereales,"130754,2"
306,1988,Daireaux,Cereales,21729
307,1988,Dolores,Cereales,"1784,5"
308,1988,Ensenada,Cereales,0
309,1988,Escobar,Cereales,0
310,1988,Esteban Echeverría,Cereales,"340,5"
311,1988,Exaltación de la Cruz,Cereales,"7047,5"
312,1988,Ezeiza,Cereales,0
313,1988,Florencio Varela,Cereales,"158,5"
314,1988,Florentino Ameghino,Cereales,0
315,1988,General Alvarado,Cereales,"39694,1"
316,1988,General Alvear,Cereales,7359
317,1988,General Arenales,Cereales,"65515,6"
318,1988,General Belgrano,Cereales,"7312,9"
319,1988,General Guido,Cereales,"2334,5"
320,1988,General Juan Madariaga,Cereales,"6072,5"
321,1988,General La Madrid,Cereales,39129
322,1988,General Las Heras,Cereales,"2083,5"
323,1988,General Lavalle,Cereales,"1064,3"
324,1988,General Paz,Cereales,3082
325,1988,General Pinto,Cereales,"49059,7"
326,1988,General Pueyrredón,Cereales,22322
327,1988,General Rodríguez,Cereales,"1787,5"
328,1988,General San Martín,Cereales,0
329,1988,General Sarmiento,Cereales,5
330,1988,General Viamonte,Cereales,36215
331,1988,General Villegas,Cereales,"97498,6"
332,1988,Guaminí,Cereales,52351
333,1988,Hipólito Yrigoyen,Cereales,6837
334,1988,Hurlingham,Cereales,0
335,1988,Ituzaingó,Cereales,0
336,1988,"José C, Paz",Cereales,0
337,1988,Junín,Cereales,69174
338,1988,La Costa,Cereales,100
339,1988,La Matanza,Cereales,"433,2"
340,1988,Lanús,Cereales,0
341,1988,La Plata,Cereales,674
342,1988,Laprida,Cereales,18724
343,1988,Las Flores,Cereales,8602
344,1988,"Leandro N, Alem",Cereales,23797
345,1988,Lezama,Cereales,0
346,1988,Lincoln,Cereales,"73099,5"
347,1988,Lobería,Cereales,"110676,4"
348,1988,Lobos,Cereales,12324
349,1988,Lomas de Zamora,Cereales,40
350,1988,Luján,Cereales,"8466,5"
351,1988,Magdalena,Cereales,3856
352,1988,Maipú,Cereales,"2638,5"
353,1988,Malvinas Argentinas,Cereales,0
354,1988,Mar Chiquita,Cereales,9731
355,1988,Marcos Paz,Cereales,"827,5"
356,1988,Mercedes,Cereales,"5794,8"
357,1988,Merlo,Cereales,17
358,1988,Monte,Cereales,"6479,5"
359,1988,Monte Hermoso,Cereales,0
360,1988,Moreno,Cereales,3
361,1988,Morón,Cereales,0
362,1988,Navarro,Cereales,14329
363,1988,Necochea,Cereales,130003
364,1988,9 de julio,Cereales,41391
365,1988,Olavarría,Cereales,"35816,4"
366,1988,Patagones,Cereales,"137350,5"
367,1988,Pehuajó,Cereales,"10537,5"
368,1988,Pellegrini,Cereales,12987
369,1988,Pergamino,Cereales,"97965,5"
370,1988,Pila,Cereales,"1924,5"
371,1988,Pilar,Cereales,"845,3"
372,1988,Pinamar,Cereales,0
373,1988,Presidente Perón,Cereales,0
374,1988,Puán,Cereales,"114592,6"
375,1988,Punta Indio,Cereales,0
376,1988,Quilmes,Cereales,0
377,1988,Ramallo,Cereales,16498
378,1988,Rauch,Cereales,"7353,5"
379,1988,Rivadavia,Cereales,"53144,7"
380,1988,Rojas,Cereales,"69030,7"
381,1988,Roque Pérez,Cereales,14627
382,1988,Saavedra,Cereales,89318
383,1988,Saladillo,Cereales,"19079,5"
384,1988,Salliqueló,Cereales,11094
385,1988,Salto,Cereales,"65213,5"
386,1988,San Andrés de Giles,Cereales,15272
387,1988,San Antonio de Areco,Cereales,"20117,5"
388,1988,San Cayetano,Cereales,87054
389,1988,San Fernando,Cereales,0
390,1988,San Isidro,Cereales,0
391,1988,San Miguel,Cereales,0
392,1988,San Nicolás,Cereales,13409
393,1988,San Pedro,Cereales,"13647,7"
394,1988,San Vicente,Cereales,853
395,1988,Suipacha,Cereales,"11142,5"
396,1988,Tandil,Cereales,"105207,5"
397,1988,Tapalqué,Cereales,3982
398,1988,Tigre,Cereales,0
399,1988,Tordillo,Cereales,46
400,1988,Tornquist,Cereales,89264
401,1988,Trenque Lauquen,Cereales,"19343,5"
402,1988,Tres Arroyos,Cereales,"181833,1"
403,1988,Tres de Febrero,Cereales,"10080,4"
404,1988,Tres Lomas,Cereales,0
405,1988,25 de mayo,Cereales,33741
406,1988,Vicente López,Cereales,0
407,1988,Villa Gesell,Cereales,0
408,1988,Villarino,Cereales,74839
409,1988,Zárate,Cereales,8308
410,1988,Indeterminado,Cereales,988
411,2018,Buenos Aires,Oleaginosas,"4510441,6"
412,2018,Adolfo Alsina,Oleaginosas,"54835,3"
413,2018,Adolfo Gonzales Chaves,Oleaginosas,"64575,2"
414,2018,Alberti,Oleaginosas,34435
415,2018,Almirante Brown,Oleaginosas,28
416,2018,Arrecifes,Oleaginosas,"65302,6"
417,2018,Avellaneda,Oleaginosas,0
418,2018,Ayacucho,Oleaginosas,"29789,6"
419,2018,Azul,Oleaginosas,"78887,8"
420,2018,Bahía Blanca,Oleaginosas,30
421,2018,Balcarce,Oleaginosas,"71986,8"
422,2018,Baradero,Oleaginosas,"45425,2"
423,2018,Benito Juárez,Oleaginosas,"59038,5"
424,2018,Berazategui,Oleaginosas,60
425,2018,Berisso,Oleaginosas,0
426,2018,Bolívar,Oleaginosas,"74508,2"
427,2018,Bragado,Oleaginosas,"59096,3"
428,2018,Brandsen,Oleaginosas,190
429,2018,Campana,Oleaginosas,"3532,8"
430,2018,Cañuelas,Oleaginosas,3857
431,2018,Capitán Sarmiento,Oleaginosas,"23419,6"
432,2018,Carlos Casares,Oleaginosas,"44556,2"
433,2018,Carlos Tejedor,Oleaginosas,"67758,5"
434,2018,Carmen de Areco,Oleaginosas,"26553,7"
435,2018,Castelli,Oleaginosas,5741
436,2018,Chacabuco,Oleaginosas,"75371,1"
437,2018,Chascomús,Oleaginosas,"14442,5"
438,2018,Chivilcoy,Oleaginosas,"60034,2"
439,2018,Colón,Oleaginosas,"37396,1"
440,2018,Coronel de Marina Leonardo Rosales,Oleaginosas,0
441,2018,Coronel Dorrego,Oleaginosas,66711
442,2018,Coronel Pringles,Oleaginosas,"48781,7"
443,2018,Coronel Suárez,Oleaginosas,"105886,9"
444,2018,Daireaux,Oleaginosas,"71764,6"
445,2018,Dolores,Oleaginosas,6
446,2018,Ensenada,Oleaginosas,0
447,2018,Escobar,Oleaginosas,175
448,2018,Esteban Echeverría,Oleaginosas,0
449,2018,Exaltación de la Cruz,Oleaginosas,"18162,4"
450,2018,Ezeiza,Oleaginosas,352
451,2018,Florencio Varela,Oleaginosas,200
452,2018,Florentino Ameghino,Oleaginosas,"40609,5"
453,2018,General Alvarado,Oleaginosas,"53607,1"
454,2018,General Alvear,Oleaginosas,"14635,5"
455,2018,General Arenales,Oleaginosas,"51105,2"
456,2018,General Belgrano,Oleaginosas,"20347,1"
457,2018,General Guido,Oleaginosas,3697
458,2018,General Juan Madariaga,Oleaginosas,"14810,8"
459,2018,General La Madrid,Oleaginosas,"44686,7"
460,2018,General Las Heras,Oleaginosas,"1667,5"
461,2018,General Lavalle,Oleaginosas,800
462,2018,General Paz,Oleaginosas,"2986,7"
463,2018,General Pinto,Oleaginosas,57491
464,2018,General Pueyrredón,Oleaginosas,"26958,5"
465,2018,General Rodríguez,Oleaginosas,2622
466,2018,General San Martín,Oleaginosas,
467,2018,General Viamonte,Oleaginosas,54520
468,2018,General Villegas,Oleaginosas,"191851,9"
469,2018,Guaminí,Oleaginosas,"87523,8"
470,2018,Hipólito Yrigoyen,Oleaginosas,"47216,1"
471,2018,Hurlingham,Oleaginosas,0
472,2018,Ituzaingó,Oleaginosas,0
473,2018,"José C, Paz",Oleaginosas,0
474,2018,Junín,Oleaginosas,"74998,2"
475,2018,La Costa,Oleaginosas,0
476,2018,La Matanza,Oleaginosas,"1229,7"
477,2018,Lanús,Oleaginosas,
478,2018,La Plata,Oleaginosas,448
479,2018,Laprida,Oleaginosas,9323
480,2018,Las Flores,Oleaginosas,16285
481,2018,"Leandro N, Alem",Oleaginosas,"48651,3"
482,2018,Lezama,Oleaginosas,7277
483,2018,Lincoln,Oleaginosas,"115423,6"
484,2018,Lobería,Oleaginosas,"132596,8"
485,2018,Lobos,Oleaginosas,28711
486,2018,Lomas de Zamora,Oleaginosas,0
487,2018,Luján,Oleaginosas,"14723,4"
488,2018,Magdalena,Oleaginosas,1299
489,2018,Maipú,Oleaginosas,"6633,5"
490,2018,Malvinas Argentinas,Oleaginosas,0
491,2018,Mar Chiquita,Oleaginosas,17439
492,2018,Marcos Paz,Oleaginosas,"3943,3"
493,2018,Mercedes,Oleaginosas,"14585,9"
494,2018,Merlo,Oleaginosas,"884,6"
495,2018,Monte,Oleaginosas,"25174,3"
496,2018,Monte Hermoso,Oleaginosas,0
497,2018,Moreno,Oleaginosas,83
498,2018,Morón,Oleaginosas,0
499,2018,Navarro,Oleaginosas,"30743,2"
500,2018,Necochea,Oleaginosas,"138412,3"
501,2018,9 de julio,Oleaginosas,"106725,4"
502,2018,Olavarría,Oleaginosas,"48402,4"
503,2018,Patagones,Oleaginosas,"4584,6"
504,2018,Pehuajó,Oleaginosas,"117938,7"
505,2018,Pellegrini,Oleaginosas,"59845,9"
506,2018,Pergamino,Oleaginosas,"131512,2"
507,2018,Pila,Oleaginosas,4861
508,2018,Pilar,Oleaginosas,443
509,2018,Pinamar,Oleaginosas,
510,2018,Presidente Perón,Oleaginosas,0
511,2018,Puán,Oleaginosas,4621
512,2018,Punta Indio,Oleaginosas,0
513,2018,Quilmes,Oleaginosas,0
514,2018,Ramallo,Oleaginosas,"50320,2"
515,2018,Rauch,Oleaginosas,"8243,5"
516,2018,Rivadavia,Oleaginosas,"129631,3"
517,2018,Rojas,Oleaginosas,"89188,8"
518,2018,Roque Pérez,Oleaginosas,"24824,8"
519,2018,Saavedra,Oleaginosas,24452
520,2018,Saladillo,Oleaginosas,"31755,4"
521,2018,Salliqueló,Oleaginosas,"26852,5"
522,2018,Salto,Oleaginosas,"76219,5"
523,2018,San Andrés de Giles,Oleaginosas,"39244,2"
524,2018,San Antonio de Areco,Oleaginosas,"38795,7"
525,2018,San Cayetano,Oleaginosas,"74802,8"
526,2018,San Fernando,Oleaginosas,0
527,2018,San Isidro,Oleaginosas,
528,2018,San Miguel,Oleaginosas,0
529,2018,San Nicolás,Oleaginosas,"30630,7"
530,2018,San Pedro,Oleaginosas,"49755,3"
531,2018,San Vicente,Oleaginosas,335
532,2018,Suipacha,Oleaginosas,"19042,8"
533,2018,Tandil,Oleaginosas,"121192,9"
534,2018,Tapalqué,Oleaginosas,"10791,5"
535,2018,Tigre,Oleaginosas,0
536,2018,Tordillo,Oleaginosas,0
537,2018,Tornquist,Oleaginosas,4523
538,2018,Trenque Lauquen,Oleaginosas,"128400,9"
539,2018,Tres Arroyos,Oleaginosas,"170290,6"
540,2018,Tres de Febrero,Oleaginosas,0
541,2018,Tres Lomas,Oleaginosas,"37910,5"
542,2018,25 de mayo,Oleaginosas,"107546,3"
543,2018,Vicente López,Oleaginosas,
544,2018,Villa Gesell,Oleaginosas,
545,2018,Villarino,Oleaginosas,"2422,5"
546,2018,Zárate,Oleaginosas,"15440,3"
547,2002,Buenos Aires,Oleaginosas,"3493021,6"
548,2002,Adolfo Alsina,Oleaginosas,"44915,5"
549,2002,Adolfo Gonzales Chaves,Oleaginosas,51348
550,2002,Alberti,Oleaginosas,"47633,3"
551,2002,Almirante Brown,Oleaginosas,0
552,2002,Arrecifes,Oleaginosas,49629
553,2002,Avellaneda,Oleaginosas,0
554,2002,Ayacucho,Oleaginosas,"8289,6"
555,2002,Azul,Oleaginosas,83747
556,2002,Bahía Blanca,Oleaginosas,140
557,2002,Balcarce,Oleaginosas,"42204,1"
558,2002,Baradero,Oleaginosas,"33391,1"
559,2002,Benito Juárez,Oleaginosas,"31012,5"
560,2002,Berazategui,Oleaginosas,0
561,2002,Berisso,Oleaginosas,0
562,2002,Bolívar,Oleaginosas,18133
563,2002,Bragado,Oleaginosas,"71625,9"
564,2002,Brandsen,Oleaginosas,355
565,2002,Campana,Oleaginosas,5734
566,2002,Cañuelas,Oleaginosas,3406
567,2002,Capitán Sarmiento,Oleaginosas,15705
568,2002,Carlos Casares,Oleaginosas,26949
569,2002,Carlos Tejedor,Oleaginosas,"26022,2"
570,2002,Carmen de Areco,Oleaginosas,"28051,5"
571,2002,Castelli,Oleaginosas,2696
572,2002,Chacabuco,Oleaginosas,"78487,1"
573,2002,Chascomús,Oleaginosas,8771
574,2002,Chivilcoy,Oleaginosas,"87289,9"
575,2002,Colón,Oleaginosas,41937
576,2002,Coronel de Marina Leonardo Rosales,Oleaginosas,0
577,2002,Coronel Dorrego,Oleaginosas,"50585,5"
578,2002,Coronel Pringles,Oleaginosas,"41513,5"
579,2002,Coronel Suárez,Oleaginosas,"96585,4"
580,2002,Daireaux,Oleaginosas,"43800,2"
581,2002,Dolores,Oleaginosas,127
582,2002,Ensenada,Oleaginosas,0
583,2002,Escobar,Oleaginosas,85
584,2002,Esteban Echeverría,Oleaginosas,0
585,2002,Exaltación de la Cruz,Oleaginosas,18426
586,2002,Ezeiza,Oleaginosas,0
587,2002,Florencio Varela,Oleaginosas,90
588,2002,Florentino Ameghino,Oleaginosas,20684
589,2002,General Alvarado,Oleaginosas,"22130,4"
590,2002,General Alvear,Oleaginosas,5248
591,2002,General Arenales,Oleaginosas,"71958,5"
592,2002,General Belgrano,Oleaginosas,7532
593,2002,General Guido,Oleaginosas,162
594,2002,General Juan Madariaga,Oleaginosas,"4726,5"
595,2002,General La Madrid,Oleaginosas,32079
596,2002,General Las Heras,Oleaginosas,1119
597,2002,General Lavalle,Oleaginosas,130
598,2002,General Paz,Oleaginosas,"1241,2"
599,2002,General Pinto,Oleaginosas,"57103,5"
600,2002,General Pueyrredón,Oleaginosas,13863
601,2002,General Rodríguez,Oleaginosas,1306
602,2002,General San Martín,Oleaginosas,0
603,2002,General Viamonte,Oleaginosas,"46824,6"
604,2002,General Villegas,Oleaginosas,"146083,7"
605,2002,Guaminí,Oleaginosas,"54998,8"
606,2002,Hipólito Yrigoyen,Oleaginosas,18556
607,2002,Hurlingham,Oleaginosas,0
608,2002,Ituzaingó,Oleaginosas,0
609,2002,"José C, Paz",Oleaginosas,0
610,2002,Junín,Oleaginosas,67949
611,2002,La Costa,Oleaginosas,0
612,2002,La Matanza,Oleaginosas,509
613,2002,Lanús,Oleaginosas,0
614,2002,La Plata,Oleaginosas,1036
615,2002,Laprida,Oleaginosas,7378
616,2002,Las Flores,Oleaginosas,"7238,5"
617,2002,"Leandro N, Alem",Oleaginosas,"45672,5"
618,2002,Lezama,Oleaginosas,
619,2002,Lincoln,Oleaginosas,"104163,5"
620,2002,Lobería,Oleaginosas,73318
621,2002,Lobos,Oleaginosas,17617
622,2002,Lomas de Zamora,Oleaginosas,0
623,2002,Luján,Oleaginosas,5065
624,2002,Magdalena,Oleaginosas,"1625,5"
625,2002,Maipú,Oleaginosas,3026
626,2002,Malvinas Argentinas,Oleaginosas,0
627,2002,Mar Chiquita,Oleaginosas,"4320,1"
628,2002,Marcos Paz,Oleaginosas,2529
629,2002,Mercedes,Oleaginosas,"11839,5"
630,2002,Merlo,Oleaginosas,221
631,2002,Monte,Oleaginosas,7743
632,2002,Monte Hermoso,Oleaginosas,0
633,2002,Moreno,Oleaginosas,0
634,2002,Morón,Oleaginosas,0
635,2002,Navarro,Oleaginosas,17009
636,2002,Necochea,Oleaginosas,103985
637,2002,9 de julio,Oleaginosas,"62994,3"
638,2002,Olavarría,Oleaginosas,41892
639,2002,Patagones,Oleaginosas,2733
640,2002,Pehuajó,Oleaginosas,91685
641,2002,Pellegrini,Oleaginosas,"29703,6"
642,2002,Pergamino,Oleaginosas,"174137,5"
643,2002,Pila,Oleaginosas,1576
644,2002,Pilar,Oleaginosas,95
645,2002,Pinamar,Oleaginosas,0
646,2002,Presidente Perón,Oleaginosas,675
647,2002,Puán,Oleaginosas,8174
648,2002,Punta Indio,Oleaginosas,35
649,2002,Quilmes,Oleaginosas,0
650,2002,Ramallo,Oleaginosas,"59635,5"
651,2002,Rauch,Oleaginosas,1962
652,2002,Rivadavia,Oleaginosas,"82015,4"
653,2002,Rojas,Oleaginosas,"92856,2"
654,2002,Roque Pérez,Oleaginosas,"14042,5"
655,2002,Saavedra,Oleaginosas,30638
656,2002,Saladillo,Oleaginosas,"54345,3"
657,2002,Salliqueló,Oleaginosas,5173
658,2002,Salto,Oleaginosas,81531
659,2002,San Andrés de Giles,Oleaginosas,"39023,5"
660,2002,San Antonio de Areco,Oleaginosas,"39695,5"
661,2002,San Cayetano,Oleaginosas,"48944,5"
662,2002,San Fernando,Oleaginosas,0
663,2002,San Isidro,Oleaginosas,0
664,2002,San Miguel,Oleaginosas,0
665,2002,San Nicolás,Oleaginosas,"33685,5"
666,2002,San Pedro,Oleaginosas,"52867,6"
667,2002,San Vicente,Oleaginosas,0
668,2002,Suipacha,Oleaginosas,12014
669,2002,Tandil,Oleaginosas,"80238,1"
670,2002,Tapalqué,Oleaginosas,1878
671,2002,Tigre,Oleaginosas,0
672,2002,Tordillo,Oleaginosas,55
673,2002,Tornquist,Oleaginosas,10794
674,2002,Trenque Lauquen,Oleaginosas,"77695,8"
675,2002,Tres Arroyos,Oleaginosas,"119079,2"
676,2002,Tres de Febrero,Oleaginosas,0
677,2002,Tres Lomas,Oleaginosas,10896
678,2002,25 de mayo,Oleaginosas,67052
679,2002,Vicente López,Oleaginosas,0
680,2002,Villa Gesell,Oleaginosas,0
681,2002,Villarino,Oleaginosas,3739
682,2002,Zárate,Oleaginosas,"12788,5"
683,1988,Buenos Aires,Oleaginosas,"2283645,3"
684,1988,Adolfo Alsina,Oleaginosas,"37905,5"
685,1988,Adolfo Gonzales Chaves,Oleaginosas,31870
686,1988,Alberti,Oleaginosas,22123
687,1988,Almirante Brown,Oleaginosas,0
688,1988,Arrecifes,Oleaginosas,0
689,1988,Avellaneda,Oleaginosas,0
690,1988,Ayacucho,Oleaginosas,"19247,5"
691,1988,Azul,Oleaginosas,34932
692,1988,Bahía Blanca,Oleaginosas,170
693,1988,Balcarce,Oleaginosas,"24645,5"
694,1988,Baradero,Oleaginosas,26668
695,1988,Bartolomé Mitre,Oleaginosas,"54265,5"
696,1988,Benito Juárez,Oleaginosas,25488
697,1988,Berazategui,Oleaginosas,206
698,1988,Berisso,Oleaginosas,120
699,1988,Bolívar,Oleaginosas,11376
700,1988,Bragado,Oleaginosas,"45182,8"
701,1988,Brandsen,Oleaginosas,335
702,1988,Campana,Oleaginosas,2428
703,1988,Cañuelas,Oleaginosas,2390
704,1988,Capitán Sarmiento,Oleaginosas,"16245,8"
705,1988,Carlos Casares,Oleaginosas,"10546,5"
706,1988,Carlos Tejedor,Oleaginosas,8000
707,1988,Carmen de Areco,Oleaginosas,13595
708,1988,Castelli,Oleaginosas,9215
709,1988,Chacabuco,Oleaginosas,"53981,3"
710,1988,Chascomús,Oleaginosas,"7147,2"
711,1988,Chivilcoy,Oleaginosas,"40742,3"
712,1988,Colón,Oleaginosas,33201
713,1988,Coronel de Marina Leonardo Rosales,Oleaginosas,0
714,1988,Coronel Dorrego,Oleaginosas,"40038,5"
715,1988,Coronel Pringles,Oleaginosas,30145
716,1988,Coronel Suárez,Oleaginosas,"63697,5"
717,1988,Daireaux,Oleaginosas,"13939,5"
718,1988,Dolores,Oleaginosas,467
719,1988,Ensenada,Oleaginosas,0
720,1988,Escobar,Oleaginosas,160
721,1988,Esteban Echeverría,Oleaginosas,291
722,1988,Exaltación de la Cruz,Oleaginosas,8356
723,1988,Ezeiza,Oleaginosas,
724,1988,Florencio Varela,Oleaginosas,83
725,1988,Florentino Ameghino,Oleaginosas,
726,1988,General Alvarado,Oleaginosas,"13081,5"
727,1988,General Alvear,Oleaginosas,2102
728,1988,General Arenales,Oleaginosas,"55322,4"
729,1988,General Belgrano,Oleaginosas,"7046,6"
730,1988,General Guido,Oleaginosas,1584
731,1988,General Juan Madariaga,Oleaginosas,1271
732,1988,General La Madrid,Oleaginosas,19866
733,1988,General Las Heras,Oleaginosas,1149
734,1988,General Lavalle,Oleaginosas,370
735,1988,General Paz,Oleaginosas,1916
736,1988,General Pinto,Oleaginosas,"49293,5"
737,1988,General Pueyrredón,Oleaginosas,6622
738,1988,General Rodríguez,Oleaginosas,668
739,1988,General San Martín,Oleaginosas,0
740,1988,General Sarmiento,Oleaginosas,0
741,1988,General Viamonte,Oleaginosas,"37187,7"
742,1988,General Villegas,Oleaginosas,"84271,9"
743,1988,Guaminí,Oleaginosas,22777
744,1988,Hipólito Yrigoyen,Oleaginosas,3372
745,1988,Hurlingham,Oleaginosas,
746,1988,Ituzaingó,Oleaginosas,
747,1988,"José C, Paz",Oleaginosas,
748,1988,Junín,Oleaginosas,"65132,5"
749,1988,La Costa,Oleaginosas,0
750,1988,La Matanza,Oleaginosas,"118,5"
751,1988,Lanús,Oleaginosas,0
752,1988,La Plata,Oleaginosas,510
753,1988,Laprida,Oleaginosas,6356
754,1988,Las Flores,Oleaginosas,"4884,5"
755,1988,"Leandro N, Alem",Oleaginosas,"19011,5"
756,1988,Lezama,Oleaginosas,
757,1988,Lincoln,Oleaginosas,"63749,5"
758,1988,Lobería,Oleaginosas,"70775,9"
759,1988,Lobos,Oleaginosas,"10385,5"
760,1988,Lomas de Zamora,Oleaginosas,0
761,1988,Luján,Oleaginosas,"6385,8"
762,1988,Magdalena,Oleaginosas,5105
763,1988,Maipú,Oleaginosas,1350
764,1988,Malvinas Argentinas,Oleaginosas,
765,1988,Mar Chiquita,Oleaginosas,9841
766,1988,Marcos Paz,Oleaginosas,681
767,1988,Mercedes,Oleaginosas,8562
768,1988,Merlo,Oleaginosas,0
769,1988,Monte,Oleaginosas,7094
770,1988,Monte Hermoso,Oleaginosas,0
771,1988,Moreno,Oleaginosas,65
772,1988,Morón,Oleaginosas,0
773,1988,Navarro,Oleaginosas,13137
774,1988,Necochea,Oleaginosas,"79233,5"
775,1988,9 de julio,Oleaginosas,39878
776,1988,Olavarría,Oleaginosas,"15942,4"
777,1988,Patagones,Oleaginosas,0
778,1988,Pehuajó,Oleaginosas,7406
779,1988,Pellegrini,Oleaginosas,12304
780,1988,Pergamino,Oleaginosas,"134694,3"
781,1988,Pila,Oleaginosas,1315
782,1988,Pilar,Oleaginosas,668
783,1988,Pinamar,Oleaginosas,0
784,1988,Presidente Perón,Oleaginosas,
785,1988,Puán,Oleaginosas,11233
786,1988,Punta Indio,Oleaginosas,
787,1988,Quilmes,Oleaginosas,0
788,1988,Ramallo,Oleaginosas,"52896,2"
789,1988,Rauch,Oleaginosas,5778
790,1988,Rivadavia,Oleaginosas,"34305,1"
791,1988,Rojas,Oleaginosas,"63729,7"
792,1988,Roque Pérez,Oleaginosas,6424
793,1988,Saavedra,Oleaginosas,30016
794,1988,Saladillo,Oleaginosas,"11609,5"
795,1988,Salliqueló,Oleaginosas,"6627,5"
796,1988,Salto,Oleaginosas,"77481,5"
797,1988,San Andrés de Giles,Oleaginosas,"20466,5"
798,1988,San Antonio de Areco,Oleaginosas,"23726,5"
799,1988,San Cayetano,Oleaginosas,53863
800,1988,San Fernando,Oleaginosas,0
801,1988,San Isidro,Oleaginosas,0
802,1988,San Miguel,Oleaginosas,
803,1988,San Nicolás,Oleaginosas,"32128,5"
804,1988,San Pedro,Oleaginosas,"45582,6"
805,1988,San Vicente,Oleaginosas,415
806,1988,Suipacha,Oleaginosas,"10038,5"
807,1988,Tandil,Oleaginosas,"53943,5"
808,1988,Tapalqué,Oleaginosas,2622
809,1988,Tigre,Oleaginosas,0
810,1988,Tordillo,Oleaginosas,0
811,1988,Tornquist,Oleaginosas,"8330,5"
812,1988,Trenque Lauquen,Oleaginosas,9267
813,1988,Tres Arroyos,Oleaginosas,"95904,3"
814,1988,Tres de Febrero,Oleaginosas,0
815,1988,Tres Lomas,Oleaginosas,6062
816,1988,25 de mayo,Oleaginosas,26783
817,1988,Vicente López,Oleaginosas,0
818,1988,Villa Gesell,Oleaginosas,0
819,1988,Villarino,Oleaginosas,4
820,1988,Zárate,Oleaginosas,12162
821,1988,Indeterminado,Oleaginosas,555
822,2018,Buenos Aires,Forrajeras,"2665266,4"
823,2018,Adolfo Alsina,Forrajeras,"99031,5"
824,2018,Adolfo Gonzales Chaves,Forrajeras,29796
825,2018,Alberti,Forrajeras,3618
826,2018,Almirante Brown,Forrajeras,4
827,2018,Arrecifes,Forrajeras,"3696,5"
828,2018,Avellaneda,Forrajeras,0
829,2018,Ayacucho,Forrajeras,"59991,8"
830,2018,Azul,Forrajeras,"61364,5"
831,2018,Bahía Blanca,Forrajeras,"34873,5"
832,2018,Balcarce,Forrajeras,46035
833,2018,Baradero,Forrajeras,"4179,5"
834,2018,Benito Juárez,Forrajeras,"38565,2"
835,2018,Berazategui,Forrajeras,0
836,2018,Berisso,Forrajeras,"1,2"
837,2018,Bolívar,Forrajeras,"38404,3"
838,2018,Bragado,Forrajeras,"8237,2"
839,2018,Brandsen,Forrajeras,5282
840,2018,Campana,Forrajeras,"791,5"
841,2018,Cañuelas,Forrajeras,"6970,5"
842,2018,Capitán Sarmiento,Forrajeras,5158
843,2018,Carlos Casares,Forrajeras,21780
844,2018,Carlos Tejedor,Forrajeras,"26368,5"
845,2018,Carmen de Areco,Forrajeras,"5324,9"
846,2018,Castelli,Forrajeras,"13566,4"
847,2018,Chacabuco,Forrajeras,"8902,6"
848,2018,Chascomús,Forrajeras,"16544,5"
849,2018,Chivilcoy,Forrajeras,5129
850,2018,Colón,Forrajeras,2742
851,2018,Coronel de Marina Leonardo Rosales,Forrajeras,21336
852,2018,Coronel Dorrego,Forrajeras,"65992,3"
853,2018,Coronel Pringles,Forrajeras,"60813,3"
854,2018,Coronel Suárez,Forrajeras,"84345,2"
855,2018,Daireaux,Forrajeras,"45757,4"
856,2018,Dolores,Forrajeras,5020
857,2018,Ensenada,Forrajeras,0
858,2018,Escobar,Forrajeras,"1083,7"
859,2018,Esteban Echeverría,Forrajeras,77
860,2018,Exaltación de la Cruz,Forrajeras,"5610,5"
861,2018,Ezeiza,Forrajeras,60
862,2018,Florencio Varela,Forrajeras,"0,5"
863,2018,Florentino Ameghino,Forrajeras,"16601,8"
864,2018,General Alvarado,Forrajeras,"9538,9"
865,2018,General Alvear,Forrajeras,29878
866,2018,General Arenales,Forrajeras,"2089,5"
867,2018,General Belgrano,Forrajeras,8871
868,2018,General Guido,Forrajeras,"5835,5"
869,2018,General Juan Madariaga,Forrajeras,18678
870,2018,General La Madrid,Forrajeras,"83489,3"
871,2018,General Las Heras,Forrajeras,"6531,5"
872,2018,General Lavalle,Forrajeras,"6028,9"
873,2018,General Paz,Forrajeras,11706
874,2018,General Pinto,Forrajeras,16145
875,2018,General Pueyrredón,Forrajeras,"7492,5"
876,2018,General Rodríguez,Forrajeras,"1590,4"
877,2018,General San Martín,Forrajeras,Sin dato
878,2018,General Viamonte,Forrajeras,8561
879,2018,General Villegas,Forrajeras,"44875,1"
880,2018,Guaminí,Forrajeras,98207
881,2018,Hipólito Yrigoyen,Forrajeras,9439
882,2018,Hurlingham,Forrajeras,0
883,2018,Ituzaingó,Forrajeras,0
884,2018,"José C, Paz",Forrajeras,0
885,2018,Junín,Forrajeras,8389
886,2018,La Costa,Forrajeras,0
887,2018,La Matanza,Forrajeras,340
888,2018,Lanús,Forrajeras,Sin dato
889,2018,La Plata,Forrajeras,"2697,1"
890,2018,Laprida,Forrajeras,"29918,8"
891,2018,Las Flores,Forrajeras,"17018,4"
892,2018,"Leandro N, Alem",Forrajeras,"4163,5"
893,2018,Lezama,Forrajeras,7618
894,2018,Lincoln,Forrajeras,"33585,8"
895,2018,Lobería,Forrajeras,38019
896,2018,Lobos,Forrajeras,10823
897,2018,Lomas de Zamora,Forrajeras,128
898,2018,Luján,Forrajeras,3215
899,2018,Magdalena,Forrajeras,"9425,2"
900,2018,Maipú,Forrajeras,"8643,5"
901,2018,Malvinas Argentinas,Forrajeras,0
902,2018,Mar Chiquita,Forrajeras,"47415,6"
903,2018,Marcos Paz,Forrajeras,"3944,9"
904,2018,Mercedes,Forrajeras,"9943,9"
905,2018,Merlo,Forrajeras,288
906,2018,Monte,Forrajeras,"13041,5"
907,2018,Monte Hermoso,Forrajeras,836
908,2018,Moreno,Forrajeras,6
909,2018,Morón,Forrajeras,0
910,2018,Navarro,Forrajeras,"19199,3"
911,2018,Necochea,Forrajeras,44793
912,2018,9 de julio,Forrajeras,"34210,5"
913,2018,Olavarría,Forrajeras,"73193,4"
914,2018,Patagones,Forrajeras,141295
915,2018,Pehuajó,Forrajeras,"20294,7"
916,2018,Pellegrini,Forrajeras,23151
917,2018,Pergamino,Forrajeras,"12281,2"
918,2018,Pila,Forrajeras,"6355,9"
919,2018,Pilar,Forrajeras,37
920,2018,Pinamar,Forrajeras,
921,2018,Presidente Perón,Forrajeras,65
922,2018,Puán,Forrajeras,"96626,2"
923,2018,Punta Indio,Forrajeras,3346
924,2018,Quilmes,Forrajeras,0
925,2018,Ramallo,Forrajeras,1200
926,2018,Rauch,Forrajeras,"23400,5"
927,2018,Rivadavia,Forrajeras,32131
928,2018,Rojas,Forrajeras,"10549,5"
929,2018,Roque Pérez,Forrajeras,"4988,6"
930,2018,Saavedra,Forrajeras,"74022,8"
931,2018,Saladillo,Forrajeras,"14197,5"
932,2018,Salliqueló,Forrajeras,18680
933,2018,Salto,Forrajeras,3511
934,2018,San Andrés de Giles,Forrajeras,"6615,1"
935,2018,San Antonio de Areco,Forrajeras,5843
936,2018,San Cayetano,Forrajeras,"26378,1"
937,2018,San Fernando,Forrajeras,140
938,2018,San Isidro,Forrajeras,Sin dato
939,2018,San Miguel,Forrajeras,0
940,2018,San Nicolás,Forrajeras,799
941,2018,San Pedro,Forrajeras,"1358,3"
942,2018,San Vicente,Forrajeras,"1797,7"
943,2018,Suipacha,Forrajeras,9644
944,2018,Tandil,Forrajeras,"50927,3"
945,2018,Tapalqué,Forrajeras,"23532,5"
946,2018,Tigre,Forrajeras,0
947,2018,Tordillo,Forrajeras,1241
948,2018,Tornquist,Forrajeras,"89039,5"
949,2018,Trenque Lauquen,Forrajeras,"86398,5"
950,2018,Tres Arroyos,Forrajeras,"64099,6"
951,2018,Tres de Febrero,Forrajeras,0
952,2018,Tres Lomas,Forrajeras,9480
953,2018,25 de mayo,Forrajeras,"44495,4"
954,2018,Vicente López,Forrajeras,Sin dato
955,2018,Villa Gesell,Forrajeras,Sin dato
956,2018,Villarino,Forrajeras,113037
957,2018,Zárate,Forrajeras,1437
958,2002,Buenos Aires,Forrajeras,"4312182,1"
959,2002,Adolfo Alsina,Forrajeras,152592
960,2002,Adolfo Gonzales Chaves,Forrajeras,76400
961,2002,Alberti,Forrajeras,"4333,5"
962,2002,Almirante Brown,Forrajeras,"9,5"
963,2002,Arrecifes,Forrajeras,"7366,5"
964,2002,Avellaneda,Forrajeras,"0,1"
965,2002,Ayacucho,Forrajeras,"69756,6"
966,2002,Azul,Forrajeras,100869
967,2002,Bahía Blanca,Forrajeras,58346
968,2002,Balcarce,Forrajeras,"82681,2"
969,2002,Baradero,Forrajeras,"6488,2"
970,2002,Benito Juárez,Forrajeras,"64595,5"
971,2002,Berazategui,Forrajeras,0
972,2002,Berisso,Forrajeras,61
973,2002,Bolívar,Forrajeras,"57079,4"
974,2002,Bragado,Forrajeras,"19798,2"
975,2002,Brandsen,Forrajeras,"10993,3"
976,2002,Campana,Forrajeras,631
977,2002,Cañuelas,Forrajeras,"5273,5"
978,2002,Capitán Sarmiento,Forrajeras,6311
979,2002,Carlos Casares,Forrajeras,"18529,8"
980,2002,Carlos Tejedor,Forrajeras,"38692,3"
981,2002,Carmen de Areco,Forrajeras,"14564,5"
982,2002,Castelli,Forrajeras,"11137,8"
983,2002,Chacabuco,Forrajeras,"24015,4"
984,2002,Chascomús,Forrajeras,26216
985,2002,Chivilcoy,Forrajeras,"19774,5"
986,2002,Colón,Forrajeras,9972
987,2002,Coronel de Marina Leonardo Rosales,Forrajeras,27780
988,2002,Coronel Dorrego,Forrajeras,"91479,2"
989,2002,Coronel Pringles,Forrajeras,96904
990,2002,Coronel Suárez,Forrajeras,"158028,1"
991,2002,Daireaux,Forrajeras,"53601,8"
992,2002,Dolores,Forrajeras,12943
993,2002,Ensenada,Forrajeras,0
994,2002,Escobar,Forrajeras,"519,3"
995,2002,Esteban Echeverría,Forrajeras,0
996,2002,Exaltación de la Cruz,Forrajeras,6167
997,2002,Ezeiza,Forrajeras,240
998,2002,Florencio Varela,Forrajeras,0
999,2002,Florentino Ameghino,Forrajeras,"29676,5"
1000,2002,General Alvarado,Forrajeras,"34670,3"
1001,2002,General Alvear,Forrajeras,"25839,8"
1002,2002,General Arenales,Forrajeras,9056
1003,2002,General Belgrano,Forrajeras,"18609,3"
1004,2002,General Guido,Forrajeras,"12550,5"
1005,2002,General Juan Madariaga,Forrajeras,"25643,5"
1006,2002,General La Madrid,Forrajeras,69581
1007,2002,General Las Heras,Forrajeras,"6948,5"
1008,2002,General Lavalle,Forrajeras,10239
1009,2002,General Paz,Forrajeras,"7511,5"
1010,2002,General Pinto,Forrajeras,"44953,7"
1011,2002,General Pueyrredón,Forrajeras,"26434,9"
1012,2002,General Rodríguez,Forrajeras,5149
1013,2002,General San Martín,Forrajeras,0
1014,2002,General Viamonte,Forrajeras,7313
1015,2002,General Villegas,Forrajeras,"163503,4"
1016,2002,Guaminí,Forrajeras,"147875,6"
1017,2002,Hipólito Yrigoyen,Forrajeras,"13669,7"
1018,2002,Hurlingham,Forrajeras,0
1019,2002,Ituzaingó,Forrajeras,0
1020,2002,"José C, Paz",Forrajeras,0
1021,2002,Junín,Forrajeras,15752
1022,2002,La Costa,Forrajeras,0
1023,2002,La Matanza,Forrajeras,"3256,5"
1024,2002,Lanús,Forrajeras,0
1025,2002,La Plata,Forrajeras,"3057,5"
1026,2002,Laprida,Forrajeras,"54008,5"
1027,2002,Las Flores,Forrajeras,24459
1028,2002,"Leandro N, Alem",Forrajeras,16285
1029,2002,Lezama,Forrajeras,
1030,2002,Lincoln,Forrajeras,"89104,5"
1031,2002,Lobería,Forrajeras,"88246,6"
1032,2002,Lobos,Forrajeras,"27175,5"
1033,2002,Lomas de Zamora,Forrajeras,"76,5"
1034,2002,Luján,Forrajeras,"7906,8"
1035,2002,Magdalena,Forrajeras,15972
1036,2002,Maipú,Forrajeras,"26207,5"
1037,2002,Malvinas Argentinas,Forrajeras,0
1038,2002,Mar Chiquita,Forrajeras,67526
1039,2002,Marcos Paz,Forrajeras,4892
1040,2002,Mercedes,Forrajeras,13282
1041,2002,Merlo,Forrajeras,297
1042,2002,Monte,Forrajeras,"23870,8"
1043,2002,Monte Hermoso,Forrajeras,7660
1044,2002,Moreno,Forrajeras,0
1045,2002,Morón,Forrajeras,0
1046,2002,Navarro,Forrajeras,"23189,5"
1047,2002,Necochea,Forrajeras,57515
1048,2002,9 de julio,Forrajeras,38200
1049,2002,Olavarría,Forrajeras,83689
1050,2002,Patagones,Forrajeras,"175392,5"
1051,2002,Pehuajó,Forrajeras,"54234,2"
1052,2002,Pellegrini,Forrajeras,80227
1053,2002,Pergamino,Forrajeras,24606
1054,2002,Pila,Forrajeras,13779
1055,2002,Pilar,Forrajeras,"544,5"
1056,2002,Pinamar,Forrajeras,0
1057,2002,Presidente Perón,Forrajeras,262
1058,2002,Puán,Forrajeras,"118153,5"
1059,2002,Punta Indio,Forrajeras,"3231,9"
1060,2002,Quilmes,Forrajeras,0
1061,2002,Ramallo,Forrajeras,2998
1062,2002,Rauch,Forrajeras,26034
1063,2002,Rivadavia,Forrajeras,"93801,5"
1064,2002,Rojas,Forrajeras,"16877,6"
1065,2002,Roque Pérez,Forrajeras,"5675,5"
1066,2002,Saavedra,Forrajeras,92809
1067,2002,Saladillo,Forrajeras,27693
1068,2002,Salliqueló,Forrajeras,"29717,5"
1069,2002,Salto,Forrajeras,"14070,5"
1070,2002,San Andrés de Giles,Forrajeras,5892
1071,2002,San Antonio de Areco,Forrajeras,"13484,6"
1072,2002,San Cayetano,Forrajeras,32414
1073,2002,San Fernando,Forrajeras,0
1074,2002,San Isidro,Forrajeras,0
1075,2002,San Miguel,Forrajeras,0
1076,2002,San Nicolás,Forrajeras,2771
1077,2002,San Pedro,Forrajeras,"4606,5"
1078,2002,San Vicente,Forrajeras,1955
1079,2002,Suipacha,Forrajeras,20630
1080,2002,Tandil,Forrajeras,110056
1081,2002,Tapalqué,Forrajeras,8671
1082,2002,Tigre,Forrajeras,2
1083,2002,Tordillo,Forrajeras,9863
1084,2002,Tornquist,Forrajeras,98827
1085,2002,Trenque Lauquen,Forrajeras,"168901,4"
1086,2002,Tres Arroyos,Forrajeras,"113748,8"
1087,2002,Tres de Febrero,Forrajeras,0
1088,2002,Tres Lomas,Forrajeras,47764
1089,2002,25 de mayo,Forrajeras,40522
1090,2002,Vicente López,Forrajeras,0
1091,2002,Villa Gesell,Forrajeras,0
1092,2002,Villarino,Forrajeras,"163785,5"
1093,2002,Zárate,Forrajeras,"3176,5"
1094,1988,Buenos Aires,Forrajeras,"5610540,7"
1095,1988,Adolfo Alsina,Forrajeras,"203109,5"
1096,1988,Adolfo Gonzales Chaves,Forrajeras,"91828,2"
1097,1988,Alberti,Forrajeras,"26838,8"
1098,1988,Almirante Brown,Forrajeras,"82,5"
1099,1988,Arrecifes,Forrajeras,0
1100,1988,Avellaneda,Forrajeras,0
1101,1988,Ayacucho,Forrajeras,"107565,7"
1102,1988,Azul,Forrajeras,100112
1103,1988,Bahía Blanca,Forrajeras,54789
1104,1988,Balcarce,Forrajeras,"115214,7"
1105,1988,Baradero,Forrajeras,"17061,7"
1106,1988,Bartolomé Mitre,Forrajeras,"19623,2"
1107,1988,Benito Juárez,Forrajeras,"103698,5"
1108,1988,Berazategui,Forrajeras,200
1109,1988,Berisso,Forrajeras,9
1110,1988,Bolívar,Forrajeras,"47542,7"
1111,1988,Bragado,Forrajeras,48933
1112,1988,Brandsen,Forrajeras,"15687,5"
1113,1988,Campana,Forrajeras,"2462,5"
1114,1988,Cañuelas,Forrajeras,13426
1115,1988,Capitán Sarmiento,Forrajeras,"19601,5"
1116,1988,Carlos Casares,Forrajeras,"36291,1"
1117,1988,Carlos Tejedor,Forrajeras,68357
1118,1988,Carmen de Areco,Forrajeras,16688
1119,1988,Castelli,Forrajeras,"33912,4"
1120,1988,Chacabuco,Forrajeras,"47690,3"
1121,1988,Chascomús,Forrajeras,"49450,7"
1122,1988,Chivilcoy,Forrajeras,"51869,3"
1123,1988,Colón,Forrajeras,"23477,9"
1124,1988,Coronel de Marina Leonardo Rosales,Forrajeras,33334
1125,1988,Coronel Dorrego,Forrajeras,99641
1126,1988,Coronel Pringles,Forrajeras,"100844,5"
1127,1988,Coronel Suárez,Forrajeras,"126802,6"
1128,1988,Daireaux,Forrajeras,"81654,4"
1129,1988,Dolores,Forrajeras,"5832,5"
1130,1988,Ensenada,Forrajeras,0
1131,1988,Escobar,Forrajeras,"48,5"
1132,1988,Esteban Echeverría,Forrajeras,1262
1133,1988,Exaltación de la Cruz,Forrajeras,"10556,6"
1134,1988,Ezeiza,Forrajeras,0
1135,1988,Florencio Varela,Forrajeras,"900,1"
1136,1988,Florentino Ameghino,Forrajeras,0
1137,1988,General Alvarado,Forrajeras,"57728,6"
1138,1988,General Alvear,Forrajeras,"24897,5"
1139,1988,General Arenales,Forrajeras,"20288,5"
1140,1988,General Belgrano,Forrajeras,21856
1141,1988,General Guido,Forrajeras,11294
1142,1988,General Juan Madariaga,Forrajeras,"26023,5"
1143,1988,General La Madrid,Forrajeras,"95958,5"
1144,1988,General Las Heras,Forrajeras,7353
1145,1988,General Lavalle,Forrajeras,"11032,9"
1146,1988,General Paz,Forrajeras,"12450,4"
1147,1988,General Pinto,Forrajeras,"166933,1"
1148,1988,General Pueyrredón,Forrajeras,"44394,8"
1149,1988,General Rodríguez,Forrajeras,"5386,5"
1150,1988,General San Martín,Forrajeras,0
1151,1988,General Sarmiento,Forrajeras,4
1152,1988,General Viamonte,Forrajeras,"40266,5"
1153,1988,General Villegas,Forrajeras,"268906,1"
1154,1988,Guaminí,Forrajeras,"134225,5"
1155,1988,Hipólito Yrigoyen,Forrajeras,"22684,8"
1156,1988,Hurlingham,Forrajeras,0
1157,1988,Ituzaingó,Forrajeras,0
1158,1988,"José C, Paz",Forrajeras,0
1159,1988,Junín,Forrajeras,"36634,2"
1160,1988,La Costa,Forrajeras,3
1161,1988,La Matanza,Forrajeras,"423,3"
1162,1988,Lanús,Forrajeras,0
1163,1988,La Plata,Forrajeras,"4936,5"
1164,1988,Laprida,Forrajeras,60800
1165,1988,Las Flores,Forrajeras,"27375,5"
1166,1988,"Leandro N, Alem",Forrajeras,56273
1167,1988,Lezama,Forrajeras,0
1168,1988,Lincoln,Forrajeras,"158787,9"
1169,1988,Lobería,Forrajeras,"118012,6"
1170,1988,Lobos,Forrajeras,"28742,1"
1171,1988,Lomas de Zamora,Forrajeras,30
1172,1988,Luján,Forrajeras,"15133,1"
1173,1988,Magdalena,Forrajeras,"23651,1"
1174,1988,Maipú,Forrajeras,"28494,5"
1175,1988,Malvinas Argentinas,Forrajeras,0
1176,1988,Mar Chiquita,Forrajeras,"56198,2"
1177,1988,Marcos Paz,Forrajeras,"6609,9"
1178,1988,Mercedes,Forrajeras,"20895,7"
1179,1988,Merlo,Forrajeras,112
1180,1988,Monte,Forrajeras,31022
1181,1988,Monte Hermoso,Forrajeras,6095
1182,1988,Moreno,Forrajeras,54
1183,1988,Morón,Forrajeras,0
1184,1988,Navarro,Forrajeras,33643
1185,1988,Necochea,Forrajeras,"67375,3"
1186,1988,9 de julio,Forrajeras,"88532,5"
1187,1988,Olavarría,Forrajeras,"142993,3"
1188,1988,Patagones,Forrajeras,"116229,2"
1189,1988,Pehuajó,Forrajeras,"44949,9"
1190,1988,Pellegrini,Forrajeras,"62307,5"
1191,1988,Pergamino,Forrajeras,"53486,8"
1192,1988,Pila,Forrajeras,"15797,5"
1193,1988,Pilar,Forrajeras,"3074,6"
1194,1988,Pinamar,Forrajeras,0
1195,1988,Presidente Perón,Forrajeras,0
1196,1988,Puán,Forrajeras,"119428,2"
1197,1988,Punta Indio,Forrajeras,0
1198,1988,Quilmes,Forrajeras,0
1199,1988,Ramallo,Forrajeras,"6842,3"
1200,1988,Rauch,Forrajeras,"43512,5"
1201,1988,Rivadavia,Forrajeras,"163175,1"
1202,1988,Rojas,Forrajeras,"41523,3"
1203,1988,Roque Pérez,Forrajeras,"12598,2"
1204,1988,Saavedra,Forrajeras,92011
1205,1988,Saladillo,Forrajeras,"16813,5"
1206,1988,Salliqueló,Forrajeras,"58790,2"
1207,1988,Salto,Forrajeras,"25687,2"
1208,1988,San Andrés de Giles,Forrajeras,"12784,6"
1209,1988,San Antonio de Areco,Forrajeras,"27827,5"
1210,1988,San Cayetano,Forrajeras,"51543,3"
1211,1988,San Fernando,Forrajeras,0
1212,1988,San Isidro,Forrajeras,0
1213,1988,San Miguel,Forrajeras,0
1214,1988,San Nicolás,Forrajeras,5324
1215,1988,San Pedro,Forrajeras,"11731,3"
1216,1988,San Vicente,Forrajeras,5088
1217,1988,Suipacha,Forrajeras,"26377,8"
1218,1988,Tandil,Forrajeras,"130843,8"
1219,1988,Tapalqué,Forrajeras,31569
1220,1988,Tigre,Forrajeras,1
1221,1988,Tordillo,Forrajeras,"2457,1"
1222,1988,Tornquist,Forrajeras,89976
1223,1988,Trenque Lauquen,Forrajeras,"124558,3"
1224,1988,Tres Arroyos,Forrajeras,"140174,5"
1225,1988,Tres de Febrero,Forrajeras,0
1226,1988,Tres Lomas,Forrajeras,"53947,5"
1227,1988,25 de mayo,Forrajeras,"69304,1"
1228,1988,Vicente López,Forrajeras,0
1229,1988,Villa Gesell,Forrajeras,0
1230,1988,Villarino,Forrajeras,"180896,4"
1231,1988,Zárate,Forrajeras,"5290,7"
1232,1988,Indeterminado,Forrajeras,3708
1233,2018,Buenos Aires,Otros cultivos,"141.014,80"
1234,2018,Adolfo Alsina,Otros cultivos,"3.672,00"
1235,2018,Adolfo Gonzales Chaves,Otros cultivos,"1.085,00"
1236,2018,Alberti,Otros cultivos,"1.782,50"
1237,2018,Almirante Brown,Otros cultivos,"480,5"
1238,2018,Arrecifes,Otros cultivos,"2.437,00"
1239,2018,Avellaneda,Otros cultivos,"11,5"
1240,2018,Ayacucho,Otros cultivos,334
1241,2018,Azul,Otros cultivos,"1.315,00"
1242,2018,Bahía Blanca,Otros cultivos,"68,3"
1243,2018,Balcarce,Otros cultivos,"4.540,00"
1244,2018,Baradero,Otros cultivos,"1.473,10"
1245,2018,Benito Juárez,Otros cultivos,368
1246,2018,Berazategui,Otros cultivos,"674,8"
1247,2018,Berisso,Otros cultivos,"92,7"
1248,2018,Bolívar,Otros cultivos,339
1249,2018,Bragado,Otros cultivos,476
1250,2018,Brandsen,Otros cultivos,10
1251,2018,Campana,Otros cultivos,"13.834,40"
1252,2018,Cañuelas,Otros cultivos,"5,5"
1253,2018,Capitán Sarmiento,Otros cultivos,"1.340,00"
1254,2018,Carlos Casares,Otros cultivos,362
1255,2018,Carlos Tejedor,Otros cultivos,544
1256,2018,Carmen de Areco,Otros cultivos,912
1257,2018,Castelli,Otros cultivos,0
1258,2018,Chacabuco,Otros cultivos,996
1259,2018,Chascomús,Otros cultivos,365
1260,2018,Chivilcoy,Otros cultivos,666
1261,2018,Colón,Otros cultivos,"1.464,00"
1262,2018,Coronel de Marina Leonardo Rosales,Otros cultivos,"1.856,40"
1263,2018,Coronel Dorrego,Otros cultivos,"9.407,00"
1264,2018,Coronel Pringles,Otros cultivos,"1.877,00"
1265,2018,Coronel Suárez,Otros cultivos,220
1266,2018,Daireaux,Otros cultivos,85
1267,2018,Dolores,Otros cultivos,"50,3"
1268,2018,Ensenada,Otros cultivos,"0,5"
1269,2018,Escobar,Otros cultivos,"172,1"
1270,2018,Esteban Echeverría,Otros cultivos,"47,1"
1271,2018,Exaltación de la Cruz,Otros cultivos,"124,5"
1272,2018,Ezeiza,Otros cultivos,4
1273,2018,Florencio Varela,Otros cultivos,"882,3"
1274,2018,Florentino Ameghino,Otros cultivos,0
1275,2018,General Alvarado,Otros cultivos,"3.790,30"
1276,2018,General Alvear,Otros cultivos,0
1277,2018,General Arenales,Otros cultivos,125
1278,2018,General Belgrano,Otros cultivos,258
1279,2018,General Guido,Otros cultivos,125
1280,2018,General Juan Madariaga,Otros cultivos,156
1281,2018,General La Madrid,Otros cultivos,370
1282,2018,General Las Heras,Otros cultivos,"11,1"
1283,2018,General Lavalle,Otros cultivos,"493,5"
1284,2018,General Paz,Otros cultivos,"5,5"
1285,2018,General Pinto,Otros cultivos,226
1286,2018,General Pueyrredón,Otros cultivos,"5.555,50"
1287,2018,General Rodríguez,Otros cultivos,"131,4"
1288,2018,General San Martín,Otros cultivos,0
1289,2018,General Viamonte,Otros cultivos,620
1290,2018,General Villegas,Otros cultivos,681
1291,2018,Guaminí,Otros cultivos,"423,5"
1292,2018,Hipólito Yrigoyen,Otros cultivos,252
1293,2018,Hurlingham,Otros cultivos,"0,2"
1294,2018,Ituzaingó,Otros cultivos,"0,6"
1295,2018,"José C, Paz",Otros cultivos,"7,2"
1296,2018,Junín,Otros cultivos,"1.060,50"
1297,2018,La Costa,Otros cultivos,0
1298,2018,La Matanza,Otros cultivos,"32,7"
1299,2018,Lanús,Otros cultivos,0
1300,2018,La Plata,Otros cultivos,"2.923,30"
1301,2018,Laprida,Otros cultivos,8
1302,2018,Las Flores,Otros cultivos,66
1303,2018,"Leandro N, Alem",Otros cultivos,433
1304,2018,Lezama,Otros cultivos,"40,2"
1305,2018,Lincoln,Otros cultivos,"703,1"
1306,2018,Lobería,Otros cultivos,"4.291,20"
1307,2018,Lobos,Otros cultivos,512
1308,2018,Lomas de Zamora,Otros cultivos,0
1309,2018,Luján,Otros cultivos,"1.682,20"
1310,2018,Magdalena,Otros cultivos,"32,5"
1311,2018,Maipú,Otros cultivos,147
1312,2018,Malvinas Argentinas,Otros cultivos,"4,9"
1313,2018,Mar Chiquita,Otros cultivos,53
1314,2018,Marcos Paz,Otros cultivos,"200,8"
1315,2018,Mercedes,Otros cultivos,"134,2"
1316,2018,Merlo,Otros cultivos,"142,3"
1317,2018,Monte,Otros cultivos,250
1318,2018,Monte Hermoso,Otros cultivos,0
1319,2018,Moreno,Otros cultivos,"47,2"
1320,2018,Morón,Otros cultivos,"1,5"
1321,2018,Navarro,Otros cultivos,0
1322,2018,Necochea,Otros cultivos,751
1323,2018,9 de julio,Otros cultivos,"1.399,00"
1324,2018,Olavarría,Otros cultivos,"412,5"
1325,2018,Patagones,Otros cultivos,"2.833,00"
1326,2018,Pehuajó,Otros cultivos,902
1327,2018,Pellegrini,Otros cultivos,815
1328,2018,Pergamino,Otros cultivos,"4.789,80"
1329,2018,Pila,Otros cultivos,575
1330,2018,Pilar,Otros cultivos,"157,1"
1331,2018,Pinamar,Otros cultivos,0
1332,2018,Presidente Perón,Otros cultivos,"9,9"
1333,2018,Puán,Otros cultivos,"331,5"
1334,2018,Punta Indio,Otros cultivos,0
1335,2018,Quilmes,Otros cultivos,"1,8"
1336,2018,Ramallo,Otros cultivos,"3.225,20"
1337,2018,Rauch,Otros cultivos,100
1338,2018,Rivadavia,Otros cultivos,"264,5"
1339,2018,Rojas,Otros cultivos,"1.032,50"
1340,2018,Roque Pérez,Otros cultivos,"72,5"
1341,2018,Saavedra,Otros cultivos,780
1342,2018,Saladillo,Otros cultivos,229
1343,2018,Salliqueló,Otros cultivos,752
1344,2018,Salto,Otros cultivos,"7.399,50"
1345,2018,San Andrés de Giles,Otros cultivos,"177,5"
1346,2018,San Antonio de Areco,Otros cultivos,577
1347,2018,San Cayetano,Otros cultivos,"1.535,20"
1348,2018,San Fernando,Otros cultivos,"2.233,00"
1349,2018,San Isidro,Otros cultivos,0
1350,2018,San Miguel,Otros cultivos,0
1351,2018,San Nicolás,Otros cultivos,"274,7"
1352,2018,San Pedro,Otros cultivos,"6.992,30"
1353,2018,San Vicente,Otros cultivos,0
1354,2018,Suipacha,Otros cultivos,7
1355,2018,Tandil,Otros cultivos,"5.053,30"
1356,2018,Tapalqué,Otros cultivos,40
1357,2018,Tigre,Otros cultivos,225
1358,2018,Tordillo,Otros cultivos,0
1359,2018,Tornquist,Otros cultivos,"500,5"
1360,2018,Trenque Lauquen,Otros cultivos,"3.069,00"
1361,2018,Tres Arroyos,Otros cultivos,"5.367,50"
1362,2018,Tres de Febrero,Otros cultivos,0
1363,2018,Tres Lomas,Otros cultivos,"3.311,00"
1364,2018,25 de mayo,Otros cultivos,910
1365,2018,Vicente López,Otros cultivos,0
1366,2018,Villa Gesell,Otros cultivos,0
1367,2018,Villarino,Otros cultivos,"2.991,60"
1368,2018,Zárate,Otros cultivos,"542,9"
1369,2002,Buenos Aires,Otros cultivos,"252.430,90"
1370,2002,Adolfo Alsina,Otros cultivos,"2.271,00"
1371,2002,Adolfo Gonzales Chaves,Otros cultivos,"1.168,70"
1372,2002,Alberti,Otros cultivos,"5.654,60"
1373,2002,Almirante Brown,Otros cultivos,138
1374,2002,Arrecifes,Otros cultivos,"735,5"
1375,2002,Avellaneda,Otros cultivos,"57,6"
1376,2002,Ayacucho,Otros cultivos,"757,4"
1377,2002,Azul,Otros cultivos,"3.194,60"
1378,2002,Bahía Blanca,Otros cultivos,"339,6"
1379,2002,Balcarce,Otros cultivos,"4.916,20"
1380,2002,Baradero,Otros cultivos,"1.851,90"
1381,2002,Benito Juárez,Otros cultivos,"1.089,50"
1382,2002,Berazategui,Otros cultivos,460
1383,2002,Berisso,Otros cultivos,"755,3"
1384,2002,Bolívar,Otros cultivos,"1.366,60"
1385,2002,Bragado,Otros cultivos,"1.049,50"
1386,2002,Brandsen,Otros cultivos,"319,7"
1387,2002,Campana,Otros cultivos,"17.484,60"
1388,2002,Cañuelas,Otros cultivos,"394,4"
1389,2002,Capitán Sarmiento,Otros cultivos,421
1390,2002,Carlos Casares,Otros cultivos,"716,1"
1391,2002,Carlos Tejedor,Otros cultivos,"1.151,20"
1392,2002,Carmen de Areco,Otros cultivos,"4.045,00"
1393,2002,Castelli,Otros cultivos,71
1394,2002,Chacabuco,Otros cultivos,"11.992,10"
1395,2002,Chascomús,Otros cultivos,"998,9"
1396,2002,Chivilcoy,Otros cultivos,"1.424,70"
1397,2002,Colón,Otros cultivos,"1.690,70"
1398,2002,Coronel de Marina Leonardo Rosales,Otros cultivos,"15,5"
1399,2002,Coronel Dorrego,Otros cultivos,"5.870,00"
1400,2002,Coronel Pringles,Otros cultivos,161
1401,2002,Coronel Suárez,Otros cultivos,"1.802,50"
1402,2002,Daireaux,Otros cultivos,"3.220,60"
1403,2002,Dolores,Otros cultivos,"128,2"
1404,2002,Ensenada,Otros cultivos,0
1405,2002,Escobar,Otros cultivos,"893,2"
1406,2002,Esteban Echeverría,Otros cultivos,"67,2"
1407,2002,Exaltación de la Cruz,Otros cultivos,"540,6"
1408,2002,Ezeiza,Otros cultivos,"208,7"
1409,2002,Florencio Varela,Otros cultivos,"774,9"
1410,2002,Florentino Ameghino,Otros cultivos,"1.096,00"
1411,2002,General Alvarado,Otros cultivos,"7.173,30"
1412,2002,General Alvear,Otros cultivos,"106,1"
1413,2002,General Arenales,Otros cultivos,"1.120,80"
1414,2002,General Belgrano,Otros cultivos,"957,4"
1415,2002,General Guido,Otros cultivos,360
1416,2002,General Juan Madariaga,Otros cultivos,"673,4"
1417,2002,General La Madrid,Otros cultivos,"1.197,50"
1418,2002,General Las Heras,Otros cultivos,"514,7"
1419,2002,General Lavalle,Otros cultivos,"662,1"
1420,2002,General Paz,Otros cultivos,"174,5"
1421,2002,General Pinto,Otros cultivos,408
1422,2002,General Pueyrredón,Otros cultivos,"10.499,40"
1423,2002,General Rodríguez,Otros cultivos,"309,7"
1424,2002,General San Martín,Otros cultivos,"0,4"
1425,2002,General Viamonte,Otros cultivos,555
1426,2002,General Villegas,Otros cultivos,"1.449,50"
1427,2002,Guaminí,Otros cultivos,"2.222,30"
1428,2002,Hipólito Yrigoyen,Otros cultivos,"834,3"
1429,2002,Hurlingham,Otros cultivos,0
1430,2002,Ituzaingó,Otros cultivos,0
1431,2002,"José C, Paz",Otros cultivos,"44,6"
1432,2002,Junín,Otros cultivos,"4.212,60"
1433,2002,La Costa,Otros cultivos,"58,1"
1434,2002,La Matanza,Otros cultivos,"384,3"
1435,2002,Lanús,Otros cultivos,0
1436,2002,La Plata,Otros cultivos,"4.032,20"
1437,2002,Laprida,Otros cultivos,"176,6"
1438,2002,Las Flores,Otros cultivos,"1.094,60"
1439,2002,"Leandro N, Alem",Otros cultivos,"1.582,50"
1440,2002,Lezama,Otros cultivos,
1441,2002,Lincoln,Otros cultivos,"3.122,00"
1442,2002,Lobería,Otros cultivos,"6.629,40"
1443,2002,Lobos,Otros cultivos,"556,4"
1444,2002,Lomas de Zamora,Otros cultivos,0
1445,2002,Luján,Otros cultivos,960
1446,2002,Magdalena,Otros cultivos,"621,5"
1447,2002,Maipú,Otros cultivos,125
1448,2002,Malvinas Argentinas,Otros cultivos,"5,5"
1449,2002,Mar Chiquita,Otros cultivos,"1.209,00"
1450,2002,Marcos Paz,Otros cultivos,"921,7"
1451,2002,Mercedes,Otros cultivos,"1.802,90"
1452,2002,Merlo,Otros cultivos,"251,8"
1453,2002,Monte,Otros cultivos,"797,5"
1454,2002,Monte Hermoso,Otros cultivos,34
1455,2002,Moreno,Otros cultivos,"198,6"
1456,2002,Morón,Otros cultivos,0
1457,2002,Navarro,Otros cultivos,821
1458,2002,Necochea,Otros cultivos,"4.941,40"
1459,2002,9 de julio,Otros cultivos,"596,2"
1460,2002,Olavarría,Otros cultivos,"739,4"
1461,2002,Patagones,Otros cultivos,"6.584,30"
1462,2002,Pehuajó,Otros cultivos,"811,5"
1463,2002,Pellegrini,Otros cultivos,718
1464,2002,Pergamino,Otros cultivos,"10.771,80"
1465,2002,Pila,Otros cultivos,4
1466,2002,Pilar,Otros cultivos,"425,7"
1467,2002,Pinamar,Otros cultivos,0
1468,2002,Presidente Perón,Otros cultivos,"4,8"
1469,2002,Puán,Otros cultivos,"1.209,40"
1470,2002,Punta Indio,Otros cultivos,"574,2"
1471,2002,Quilmes,Otros cultivos,"28,2"
1472,2002,Ramallo,Otros cultivos,"5.388,30"
1473,2002,Rauch,Otros cultivos,"238,3"
1474,2002,Rivadavia,Otros cultivos,"1.495,00"
1475,2002,Rojas,Otros cultivos,"19.992,50"
1476,2002,Roque Pérez,Otros cultivos,"468,5"
1477,2002,Saavedra,Otros cultivos,"932,4"
1478,2002,Saladillo,Otros cultivos,"840,6"
1479,2002,Salliqueló,Otros cultivos,11
1480,2002,Salto,Otros cultivos,"7.278,50"
1481,2002,San Andrés de Giles,Otros cultivos,"269,8"
1482,2002,San Antonio de Areco,Otros cultivos,566
1483,2002,San Cayetano,Otros cultivos,"1.895,10"
1484,2002,San Fernando,Otros cultivos,"3.919,00"
1485,2002,San Isidro,Otros cultivos,"2,6"
1486,2002,San Miguel,Otros cultivos,0
1487,2002,San Nicolás,Otros cultivos,"1.376,00"
1488,2002,San Pedro,Otros cultivos,"13.051,50"
1489,2002,San Vicente,Otros cultivos,65
1490,2002,Suipacha,Otros cultivos,"383,5"
1491,2002,Tandil,Otros cultivos,"4.558,90"
1492,2002,Tapalqué,Otros cultivos,797
1493,2002,Tigre,Otros cultivos,"180,3"
1494,2002,Tordillo,Otros cultivos,7
1495,2002,Tornquist,Otros cultivos,"1.546,50"
1496,2002,Trenque Lauquen,Otros cultivos,"1.489,00"
1497,2002,Tres Arroyos,Otros cultivos,"3.729,20"
1498,2002,Tres de Febrero,Otros cultivos,"1,9"
1499,2002,Tres Lomas,Otros cultivos,18
1500,2002,25 de mayo,Otros cultivos,"1.299,60"
1501,2002,Vicente López,Otros cultivos,"1,1"
1502,2002,Villa Gesell,Otros cultivos,"1,3"
1503,2002,Villarino,Otros cultivos,"8.255,40"
1504,2002,Zárate,Otros cultivos,"4.809,20"
1505,1988,Buenos Aires,Otros cultivos,"203.545,80"
1506,1988,Adolfo Alsina,Otros cultivos,"581,5"
1507,1988,Adolfo Gonzales Chaves,Otros cultivos,"379,1"
1508,1988,Alberti,Otros cultivos,"1.718,10"
1509,1988,Almirante Brown,Otros cultivos,"84,6"
1510,1988,Arrecifes,Otros cultivos,
1511,1988,Avellaneda,Otros cultivos,"168,9"
1512,1988,Ayacucho,Otros cultivos,"1.537,60"
1513,1988,Azul,Otros cultivos,"607,7"
1514,1988,Bahía Blanca,Otros cultivos,"269,3"
1515,1988,Balcarce,Otros cultivos,"12.370,10"
1516,1988,Baradero,Otros cultivos,"3.008,50"
1517,1988,Bartolomé Mitre,Otros cultivos,"280,5"
1518,1988,Benito Juárez,Otros cultivos,"1.534,10"
1519,1988,Berazategui,Otros cultivos,"1.021,80"
1520,1988,Berisso,Otros cultivos,"129,7"
1521,1988,Bolívar,Otros cultivos,"1.487,70"
1522,1988,Bragado,Otros cultivos,"1.162,70"
1523,1988,Brandsen,Otros cultivos,"140,6"
1524,1988,Campana,Otros cultivos,"20.390,90"
1525,1988,Cañuelas,Otros cultivos,"699,5"
1526,1988,Capitán Sarmiento,Otros cultivos,10
1527,1988,Carlos Casares,Otros cultivos,"894,8"
1528,1988,Carlos Tejedor,Otros cultivos,234
1529,1988,Carmen de Areco,Otros cultivos,174
1530,1988,Castelli,Otros cultivos,"381,3"
1531,1988,Chacabuco,Otros cultivos,"911,2"
1532,1988,Chascomús,Otros cultivos,"774,3"
1533,1988,Chivilcoy,Otros cultivos,"528,1"
1534,1988,Colón,Otros cultivos,"1.069,50"
1535,1988,Coronel de Marina Leonardo Rosales,Otros cultivos,214
1536,1988,Coronel Dorrego,Otros cultivos,"1.200,00"
1537,1988,Coronel Pringles,Otros cultivos,"603,6"
1538,1988,Coronel Suárez,Otros cultivos,"340,9"
1539,1988,Daireaux,Otros cultivos,"910,3"
1540,1988,Dolores,Otros cultivos,"333,9"
1541,1988,Ensenada,Otros cultivos,"1,1"
1542,1988,Escobar,Otros cultivos,"1.954,60"
1543,1988,Esteban Echeverría,Otros cultivos,"729,7"
1544,1988,Exaltación de la Cruz,Otros cultivos,"434,5"
1545,1988,Ezeiza,Otros cultivos,0
1546,1988,Florencio Varela,Otros cultivos,"1.387,10"
1547,1988,Florentino Ameghino,Otros cultivos,0
1548,1988,General Alvarado,Otros cultivos,"10.561,60"
1549,1988,General Alvear,Otros cultivos,"300,5"
1550,1988,General Arenales,Otros cultivos,325
1551,1988,General Belgrano,Otros cultivos,"560,8"
1552,1988,General Guido,Otros cultivos,111
1553,1988,General Juan Madariaga,Otros cultivos,521
1554,1988,General La Madrid,Otros cultivos,"483,7"
1555,1988,General Las Heras,Otros cultivos,"434,5"
1556,1988,General Lavalle,Otros cultivos,"245,9"
1557,1988,General Paz,Otros cultivos,"449,8"
1558,1988,General Pinto,Otros cultivos,162
1559,1988,General Pueyrredón,Otros cultivos,"10.626,90"
1560,1988,General Rodríguez,Otros cultivos,"808,4"
1561,1988,General San Martín,Otros cultivos,"1,5"
1562,1988,General Sarmiento,Otros cultivos,"155,3"
1563,1988,General Viamonte,Otros cultivos,"1.492,00"
1564,1988,General Villegas,Otros cultivos,"1.749,20"
1565,1988,Guaminí,Otros cultivos,"756,5"
1566,1988,Hipólito Yrigoyen,Otros cultivos,"153,8"
1567,1988,Hurlingham,Otros cultivos,0
1568,1988,Ituzaingó,Otros cultivos,0
1569,1988,"José C, Paz",Otros cultivos,0
1570,1988,Junín,Otros cultivos,"1.754,60"
1571,1988,La Costa,Otros cultivos,"35,8"
1572,1988,La Matanza,Otros cultivos,629
1573,1988,Lanús,Otros cultivos,0
1574,1988,La Plata,Otros cultivos,"4.432,40"
1575,1988,Laprida,Otros cultivos,"90,5"
1576,1988,Las Flores,Otros cultivos,"1.157,00"
1577,1988,"Leandro N, Alem",Otros cultivos,"79,2"
1578,1988,Lezama,Otros cultivos,0
1579,1988,Lincoln,Otros cultivos,"1.232,50"
1580,1988,Lobería,Otros cultivos,"5.582,10"
1581,1988,Lobos,Otros cultivos,"1.059,70"
1582,1988,Lomas de Zamora,Otros cultivos,"1,8"
1583,1988,Luján,Otros cultivos,"1.790,40"
1584,1988,Magdalena,Otros cultivos,"1.916,20"
1585,1988,Maipú,Otros cultivos,"186,4"
1586,1988,Malvinas Argentinas,Otros cultivos,0
1587,1988,Mar Chiquita,Otros cultivos,"1.397,50"
1588,1988,Marcos Paz,Otros cultivos,847
1589,1988,Mercedes,Otros cultivos,"1.935,80"
1590,1988,Merlo,Otros cultivos,684
1591,1988,Monte,Otros cultivos,283
1592,1988,Monte Hermoso,Otros cultivos,130
1593,1988,Moreno,Otros cultivos,"353,1"
1594,1988,Morón,Otros cultivos,"2,3"
1595,1988,Navarro,Otros cultivos,73
1596,1988,Necochea,Otros cultivos,"2.152,00"
1597,1988,9 de julio,Otros cultivos,"1.449,50"
1598,1988,Olavarría,Otros cultivos,"1.251,60"
1599,1988,Patagones,Otros cultivos,"2.269,40"
1600,1988,Pehuajó,Otros cultivos,"477,2"
1601,1988,Pellegrini,Otros cultivos,"597,5"
1602,1988,Pergamino,Otros cultivos,"3.610,30"
1603,1988,Pila,Otros cultivos,"1.265,40"
1604,1988,Pilar,Otros cultivos,"1.515,90"
1605,1988,Pinamar,Otros cultivos,0
1606,1988,Presidente Perón,Otros cultivos,0
1607,1988,Puán,Otros cultivos,12
1608,1988,Punta Indio,Otros cultivos,0
1609,1988,Quilmes,Otros cultivos,0
1610,1988,Ramallo,Otros cultivos,"2.929,30"
1611,1988,Rauch,Otros cultivos,"658,8"
1612,1988,Rivadavia,Otros cultivos,"515,4"
1613,1988,Rojas,Otros cultivos,"1.807,50"
1614,1988,Roque Pérez,Otros cultivos,"1.919,10"
1615,1988,Saavedra,Otros cultivos,"133,5"
1616,1988,Saladillo,Otros cultivos,"1.306,30"
1617,1988,Salliqueló,Otros cultivos,8
1618,1988,Salto,Otros cultivos,"5.159,10"
1619,1988,San Andrés de Giles,Otros cultivos,"209,1"
1620,1988,San Antonio de Areco,Otros cultivos,303
1621,1988,San Cayetano,Otros cultivos,"939,5"
1622,1988,San Fernando,Otros cultivos,"10.071,00"
1623,1988,San Isidro,Otros cultivos,"3,3"
1624,1988,San Miguel,Otros cultivos,0
1625,1988,San Nicolás,Otros cultivos,"806,8"
1626,1988,San Pedro,Otros cultivos,"18.375,10"
1627,1988,San Vicente,Otros cultivos,"44,5"
1628,1988,Suipacha,Otros cultivos,116
1629,1988,Tandil,Otros cultivos,"5.375,90"
1630,1988,Tapalqué,Otros cultivos,"1.124,50"
1631,1988,Tigre,Otros cultivos,"521,4"
1632,1988,Tordillo,Otros cultivos,"4,5"
1633,1988,Tornquist,Otros cultivos,"68,8"
1634,1988,Trenque Lauquen,Otros cultivos,"971,3"
1635,1988,Tres Arroyos,Otros cultivos,"2.808,50"
1636,1988,Tres de Febrero,Otros cultivos,"1,7"
1637,1988,Tres Lomas,Otros cultivos,241
1638,1988,25 de mayo,Otros cultivos,"3.822,90"
1639,1988,Vicente López,Otros cultivos,"2,4"
1640,1988,Villa Gesell,Otros cultivos,0
1641,1988,Villarino,Otros cultivos,"6.106,50"
1642,1988,Zárate,Otros cultivos,"6.303,80"
1643,1988,Indeterminado,Otros cultivos,74
