;HA de EAPs;Año del censo;Partido;Tipo de cereal
0;1558297;2018;Provincia de Buenos Aires;2.Maíz para grano
1;27004;2018;Adolfo Alsina;2.Maíz para grano
2;8901;2018;Adolfo Gonzales Chaves;2.Maíz para grano
3;18916;2018;Alberti;2.Maíz para grano
4;0;2018;Almirante Brown;2.Maíz para grano
5;17231;2018;Arrecifes;2.Maíz para grano
6;0;2018;Avellaneda;2.Maíz para grano
7;14302;2018;Ayacucho;2.Maíz para grano
8;23249;2018;Azul;2.Maíz para grano
9;669;2018;Bahía Blanca;2.Maíz para grano
10;25241;2018;Balcarce;2.Maíz para grano
11;13001;2018;Baradero;2.Maíz para grano
12;10068;2018;Benito Juárez;2.Maíz para grano
13;40;2018;Berazategui;2.Maíz para grano
14;0;2018;Berisso;2.Maíz para grano
15;31681;2018;Bolívar;2.Maíz para grano
16;26453;2018;Bragado;2.Maíz para grano
17;30;2018;Brandsen;2.Maíz para grano
18;1322;2018;Campana;2.Maíz para grano
19;2207;2018;Cañuelas;2.Maíz para grano
20;7637;2018;Capitán Sarmiento;2.Maíz para grano
21;16265;2018;Carlos Casares;2.Maíz para grano
22;21616;2018;Carlos Tejedor;2.Maíz para grano
23;8604;2018;Carmen de Areco;2.Maíz para grano
24;3294;2018;Castelli;2.Maíz para grano
25;23631;2018;Chacabuco;2.Maíz para grano
26;8596;2018;Chascomús;2.Maíz para grano
27;21542;2018;Chivilcoy;2.Maíz para grano
28;12598;2018;Colón;2.Maíz para grano
29;1451;2018;Coronel de Marina Leonardo Rosales;2.Maíz para grano
30;43265;2018;Coronel Dorrego;2.Maíz para grano
31;10425;2018;Coronel Pringles;2.Maíz para grano
32;25518;2018;Coronel Suárez;2.Maíz para grano
33;29305;2018;Daireaux;2.Maíz para grano
34;500;2018;Dolores;2.Maíz para grano
35;0;2018;Ensenada;2.Maíz para grano
36;0;2018;Escobar;2.Maíz para grano
37;2;2018;Esteban Echeverría;2.Maíz para grano
38;7745;2018;Exaltación de la Cruz;2.Maíz para grano
39;0;2018;Ezeiza;2.Maíz para grano
40;26;2018;Florencio Varela;2.Maíz para grano
41;17895;2018;Florentino Ameghino;2.Maíz para grano
42;12509;2018;General Alvarado;2.Maíz para grano
43;12950;2018;General Alvear;2.Maíz para grano
44;18741;2018;General Arenales;2.Maíz para grano
45;9901;2018;General Belgrano;2.Maíz para grano
46;2448;2018;General Guido;2.Maíz para grano
47;8550;2018;General Juan Madariaga;2.Maíz para grano
48;10856;2018;General La Madrid;2.Maíz para grano
49;1369;2018;General Las Heras;2.Maíz para grano
50;627;2018;General Lavalle;2.Maíz para grano
51;1445;2018;General Paz;2.Maíz para grano
52;21290;2018;General Pinto;2.Maíz para grano
53;8101;2018;General Pueyrredón;2.Maíz para grano
54;819;2018;General Rodríguez;2.Maíz para grano
55;0;2018;General San Martín;2.Maíz para grano
56;17718;2018;General Viamonte;2.Maíz para grano
57;69019;2018;General Villegas;2.Maíz para grano
58;33170;2018;Guaminí;2.Maíz para grano
59;18466;2018;Hipólito Yrigoyen;2.Maíz para grano
60;0;2018;Hurlingham;2.Maíz para grano
61;0;2018;Ituzaingó;2.Maíz para grano
62;0;2018;José C, Paz;2.Maíz para grano
63;20491;2018;Junín;2.Maíz para grano
64;40;2018;La Costa;2.Maíz para grano
65;80;2018;La Matanza;2.Maíz para grano
66;0;2018;Lanús;2.Maíz para grano
67;256;2018;La Plata;2.Maíz para grano
68;2670;2018;Laprida;2.Maíz para grano
69;8957;2018;Las Flores;2.Maíz para grano
70;19227;2018;Leandro N, Alem;2.Maíz para grano
71;4114;2018;Lezama;2.Maíz para grano
72;44164;2018;Lincoln;2.Maíz para grano
73;33807;2018;Lobería;2.Maíz para grano
74;15756;2018;Lobos;2.Maíz para grano
75;0;2018;Lomas de Zamora;2.Maíz para grano
76;5951;2018;Luján;2.Maíz para grano
77;2392;2018;Magdalena;2.Maíz para grano
78;4234;2018;Maipú;2.Maíz para grano
79;0;2018;Malvinas Argentinas;2.Maíz para grano
80;11773;2018;Mar Chiquita;2.Maíz para grano
81;1456;2018;Marcos Paz;2.Maíz para grano
82;6219;2018;Mercedes;2.Maíz para grano
83;82;2018;Merlo;2.Maíz para grano
84;13164;2018;Monte;2.Maíz para grano
85;0;2018;Monte Hermoso;2.Maíz para grano
86;2;2018;Moreno;2.Maíz para grano
87;0;2018;Morón;2.Maíz para grano
88;10669;2018;Navarro;2.Maíz para grano
89;25837;2018;Necochea;2.Maíz para grano
90;36345;2018;9 de julio;2.Maíz para grano
91;11711;2018;Olavarría;2.Maíz para grano
92;3403;2018;Patagones;2.Maíz para grano
93;45200;2018;Pehuajó;2.Maíz para grano
94;26392;2018;Pellegrini;2.Maíz para grano
95;27820;2018;Pergamino;2.Maíz para grano
96;5893;2018;Pila;2.Maíz para grano
97;80;2018;Pilar;2.Maíz para grano
98;0;2018;Pinamar;2.Maíz para grano
99;0;2018;Presidente Perón;2.Maíz para grano
100;3561;2018;Puán;2.Maíz para grano
101;78;2018;Punta Indio;2.Maíz para grano
102;0;2018;Quilmes;2.Maíz para grano
103;8884;2018;Ramallo;2.Maíz para grano
104;5350;2018;Rauch;2.Maíz para grano
105;55792;2018;Rivadavia;2.Maíz para grano
106;33371;2018;Rojas;2.Maíz para grano
107;9668;2018;Roque Pérez;2.Maíz para grano
108;10333;2018;Saavedra;2.Maíz para grano
109;16737;2018;Saladillo;2.Maíz para grano
110;9621;2018;Salliqueló;2.Maíz para grano
111;19046;2018;Salto;2.Maíz para grano
112;11425;2018;San Andrés de Giles;2.Maíz para grano
113;16116;2018;San Antonio de Areco;2.Maíz para grano
114;14393;2018;San Cayetano;2.Maíz para grano
115;0;2018;San Fernando;2.Maíz para grano
116;0;2018;San Isidro;2.Maíz para grano
117;0;2018;San Miguel;2.Maíz para grano
118;3915;2018;San Nicolás;2.Maíz para grano
119;12214;2018;San Pedro;2.Maíz para grano
120;575;2018;San Vicente;2.Maíz para grano
121;5139;2018;Suipacha;2.Maíz para grano
122;38041;2018;Tandil;2.Maíz para grano
123;6909;2018;Tapalqué;2.Maíz para grano
124;0;2018;Tigre;2.Maíz para grano
125;0;2018;Tordillo;2.Maíz para grano
126;6492;2018;Tornquist;2.Maíz para grano
127;54704;2018;Trenque Lauquen;2.Maíz para grano
128;39079;2018;Tres Arroyos;2.Maíz para grano
129;0;2018;Tres de Febrero;2.Maíz para grano
130;13904;2018;Tres Lomas;2.Maíz para grano
131;38977;2018;25 de mayo;2.Maíz para grano
132;0;2018;Vicente López;2.Maíz para grano
133;0;2018;Villa Gesell;2.Maíz para grano
134;3408;2018;Villarino;2.Maíz para grano
135;4181;2018;Zárate;2.Maíz para grano
136;858770;2002;Provincia de Buenos Aires;2.Maíz para grano
137;4719;2002;Adolfo Alsina;2.Maíz para grano
138;3069;2002;Adolfo Gonzales Chaves;2.Maíz para grano
139;15975;2002;Alberti;2.Maíz para grano
140;0;2002;Almirante Brown;2.Maíz para grano
141;12698;2002;Arrecifes;2.Maíz para grano
142;0;2002;Avellaneda;2.Maíz para grano
143;5773;2002;Ayacucho;2.Maíz para grano
144;19622;2002;Azul;2.Maíz para grano
145;30;2002;Bahía Blanca;2.Maíz para grano
146;14319;2002;Balcarce;2.Maíz para grano
147;9278;2002;Baradero;2.Maíz para grano
148;5456;2002;Benito Juárez;2.Maíz para grano
149;0;2002;Berazategui;2.Maíz para grano
150;0;2002;Berisso;2.Maíz para grano
151;6111;2002;Bolívar;2.Maíz para grano
152;16470;2002;Bragado;2.Maíz para grano
153;443;2002;Brandsen;2.Maíz para grano
154;559;2002;Campana;2.Maíz para grano
155;2042;2002;Cañuelas;2.Maíz para grano
156;5028;2002;Capitán Sarmiento;2.Maíz para grano
157;7270;2002;Carlos Casares;2.Maíz para grano
158;8837;2002;Carlos Tejedor;2.Maíz para grano
159;6948;2002;Carmen de Areco;2.Maíz para grano
160;2387;2002;Castelli;2.Maíz para grano
161;17463;2002;Chacabuco;2.Maíz para grano
162;7932;2002;Chascomús;2.Maíz para grano
163;16240;2002;Chivilcoy;2.Maíz para grano
164;10034;2002;Colón;2.Maíz para grano
165;100;2002;Coronel de Marina Leonardo Rosales;2.Maíz para grano
166;2745;2002;Coronel Dorrego;2.Maíz para grano
167;2187;2002;Coronel Pringles;2.Maíz para grano
168;12324;2002;Coronel Suárez;2.Maíz para grano
169;13559;2002;Daireaux;2.Maíz para grano
170;677;2002;Dolores;2.Maíz para grano
171;0;2002;Ensenada;2.Maíz para grano
172;0;2002;Escobar;2.Maíz para grano
173;0;2002;Esteban Echeverría;2.Maíz para grano
174;3316;2002;Exaltación de la Cruz;2.Maíz para grano
175;78;2002;Ezeiza;2.Maíz para grano
176;0;2002;Florencio Varela;2.Maíz para grano
177;8683;2002;Florentino Ameghino;2.Maíz para grano
178;8399;2002;General Alvarado;2.Maíz para grano
179;4763;2002;General Alvear;2.Maíz para grano
180;21797;2002;General Arenales;2.Maíz para grano
181;6463;2002;General Belgrano;2.Maíz para grano
182;1549;2002;General Guido;2.Maíz para grano
183;4876;2002;General Juan Madariaga;2.Maíz para grano
184;3656;2002;General La Madrid;2.Maíz para grano
185;308;2002;General Las Heras;2.Maíz para grano
186;437;2002;General Lavalle;2.Maíz para grano
187;837;2002;General Paz;2.Maíz para grano
188;21160;2002;General Pinto;2.Maíz para grano
189;7353;2002;General Pueyrredón;2.Maíz para grano
190;806;2002;General Rodríguez;2.Maíz para grano
191;0;2002;General San Martín;2.Maíz para grano
192;7514;2002;General Viamonte;2.Maíz para grano
193;41188;2002;General Villegas;2.Maíz para grano
194;10917;2002;Guaminí;2.Maíz para grano
195;7703;2002;Hipólito Yrigoyen;2.Maíz para grano
196;0;2002;Hurlingham;2.Maíz para grano
197;0;2002;Ituzaingó;2.Maíz para grano
198;0;2002;José C, Paz;2.Maíz para grano
199;14047;2002;Junín;2.Maíz para grano
200;0;2002;La Costa;2.Maíz para grano
201;382;2002;La Matanza;2.Maíz para grano
202;0;2002;Lanús;2.Maíz para grano
203;696;2002;La Plata;2.Maíz para grano
204;2099;2002;Laprida;2.Maíz para grano
205;5182;2002;Las Flores;2.Maíz para grano
206;13517;2002;Leandro N, Alem;2.Maíz para grano
207;0;2002;Lezama;2.Maíz para grano
208;27715;2002;Lincoln;2.Maíz para grano
209;18962;2002;Lobería;2.Maíz para grano
210;6698;2002;Lobos;2.Maíz para grano
211;0;2002;Lomas de Zamora;2.Maíz para grano
212;3155;2002;Luján;2.Maíz para grano
213;3588;2002;Magdalena;2.Maíz para grano
214;3366;2002;Maipú;2.Maíz para grano
215;0;2002;Malvinas Argentinas;2.Maíz para grano
216;8622;2002;Mar Chiquita;2.Maíz para grano
217;692;2002;Marcos Paz;2.Maíz para grano
218;3827;2002;Mercedes;2.Maíz para grano
219;12;2002;Merlo;2.Maíz para grano
220;3832;2002;Monte;2.Maíz para grano
221;0;2002;Monte Hermoso;2.Maíz para grano
222;0;2002;Moreno;2.Maíz para grano
223;0;2002;Morón;2.Maíz para grano
224;3868;2002;Navarro;2.Maíz para grano
225;12343;2002;Necochea;2.Maíz para grano
226;15456;2002;9 de julio;2.Maíz para grano
227;7975;2002;Olavarría;2.Maíz para grano
228;397;2002;Patagones;2.Maíz para grano
229;24395;2002;Pehuajó;2.Maíz para grano
230;7940;2002;Pellegrini;2.Maíz para grano
231;25224;2002;Pergamino;2.Maíz para grano
232;1214;2002;Pila;2.Maíz para grano
233;25;2002;Pilar;2.Maíz para grano
234;0;2002;Pinamar;2.Maíz para grano
235;0;2002;Presidente Perón;2.Maíz para grano
236;367;2002;Puán;2.Maíz para grano
237;476;2002;Punta Indio;2.Maíz para grano
238;0;2002;Quilmes;2.Maíz para grano
239;6879;2002;Ramallo;2.Maíz para grano
240;2896;2002;Rauch;2.Maíz para grano
241;28194;2002;Rivadavia;2.Maíz para grano
242;23447;2002;Rojas;2.Maíz para grano
243;6101;2002;Roque Pérez;2.Maíz para grano
244;3650;2002;Saavedra;2.Maíz para grano
245;15967;2002;Saladillo;2.Maíz para grano
246;2102;2002;Salliqueló;2.Maíz para grano
247;18850;2002;Salto;2.Maíz para grano
248;7288;2002;San Andrés de Giles;2.Maíz para grano
249;13999;2002;San Antonio de Areco;2.Maíz para grano
250;4621;2002;San Cayetano;2.Maíz para grano
251;0;2002;San Fernando;2.Maíz para grano
252;0;2002;San Isidro;2.Maíz para grano
253;0;2002;San Miguel;2.Maíz para grano
254;5636;2002;San Nicolás;2.Maíz para grano
255;8113;2002;San Pedro;2.Maíz para grano
256;0;2002;San Vicente;2.Maíz para grano
257;2793;2002;Suipacha;2.Maíz para grano
258;21728;2002;Tandil;2.Maíz para grano
259;1479;2002;Tapalqué;2.Maíz para grano
260;0;2002;Tigre;2.Maíz para grano
261;426;2002;Tordillo;2.Maíz para grano
262;1444;2002;Tornquist;2.Maíz para grano
263;36221;2002;Trenque Lauquen;2.Maíz para grano
264;14931;2002;Tres Arroyos;2.Maíz para grano
265;0;2002;Tres de Febrero;2.Maíz para grano
266;4587;2002;Tres Lomas;2.Maíz para grano
267;15024;2002;25 de mayo;2.Maíz para grano
268;0;2002;Vicente López;2.Maíz para grano
269;0;2002;Villa Gesell;2.Maíz para grano
270;1610;2002;Villarino;2.Maíz para grano
271;2627;2002;Zárate;2.Maíz para grano
272;912301;1988;Provincia de Buenos Aires;2.Maíz para grano
273;5941;1988;Adolfo Alsina;2.Maíz para grano
274;2721;1988;Adolfo Gonzales Chaves;2.Maíz para grano
275;17338;1988;Alberti;2.Maíz para grano
276;0;1988;Almirante Brown;2.Maíz para grano
277;0;1988;Arrecifes;2.Maíz para grano
278;0;1988;Avellaneda;2.Maíz para grano
279;7344;1988;Ayacucho;2.Maíz para grano
280;15507;1988;Azul;2.Maíz para grano
281;0;1988;Bahía Blanca;2.Maíz para grano
282;12513;1988;Balcarce;2.Maíz para grano
283;9942;1988;Baradero;2.Maíz para grano
284;11018;1988;Bartolomé Mitre;2.Maíz para grano
285;6303;1988;Benito Juárez;2.Maíz para grano
286;306;1988;Berazategui;2.Maíz para grano
287;12;1988;Berisso;2.Maíz para grano
288;6075;1988;Bolívar;2.Maíz para grano
289;23749;1988;Bragado;2.Maíz para grano
290;312;1988;Brandsen;2.Maíz para grano
291;785;1988;Campana;2.Maíz para grano
292;3166;1988;Cañuelas;2.Maíz para grano
293;7846;1988;Capitán Sarmiento;2.Maíz para grano
294;8115;1988;Carlos Casares;2.Maíz para grano
295;6032;1988;Carlos Tejedor;2.Maíz para grano
296;5820;1988;Carmen de Areco;2.Maíz para grano
297;2384;1988;Castelli;2.Maíz para grano
298;38419;1988;Chacabuco;2.Maíz para grano
299;6672;1988;Chascomús;2.Maíz para grano
300;25981;1988;Chivilcoy;2.Maíz para grano
301;16050;1988;Colón;2.Maíz para grano
302;0;1988;Coronel de Marina Leonardo Rosales;2.Maíz para grano
303;4247;1988;Coronel Dorrego;2.Maíz para grano
304;3106;1988;Coronel Pringles;2.Maíz para grano
305;8038;1988;Coronel Suárez;2.Maíz para grano
306;3793;1988;Daireaux;2.Maíz para grano
307;1559;1988;Dolores;2.Maíz para grano
308;0;1988;Ensenada;2.Maíz para grano
309;0;1988;Escobar;2.Maíz para grano
310;118;1988;Esteban Echeverría;2.Maíz para grano
311;3475;1988;Exaltación de la Cruz;2.Maíz para grano
312;0;1988;Ezeiza;2.Maíz para grano
313;50;1988;Florencio Varela;2.Maíz para grano
314;0;1988;Florentino Ameghino;2.Maíz para grano
315;9845;1988;General Alvarado;2.Maíz para grano
316;5360;1988;General Alvear;2.Maíz para grano
317;34092;1988;General Arenales;2.Maíz para grano
318;4821;1988;General Belgrano;2.Maíz para grano
319;2156;1988;General Guido;2.Maíz para grano
320;4524;1988;General Juan Madariaga;2.Maíz para grano
321;2439;1988;General La Madrid;2.Maíz para grano
322;1202;1988;General Las Heras;2.Maíz para grano
323;964;1988;General Lavalle;2.Maíz para grano
324;2013;1988;General Paz;2.Maíz para grano
325;16855;1988;General Pinto;2.Maíz para grano
326;5527;1988;General Pueyrredón;2.Maíz para grano
327;868;1988;General Rodríguez;2.Maíz para grano
328;0;1988;General San Martín;2.Maíz para grano
329;5;1988;General Sarmiento;2.Maíz para grano
330;19143;1988;General Viamonte;2.Maíz para grano
331;31902;1988;General Villegas;2.Maíz para grano
332;7843;1988;Guaminí;2.Maíz para grano
333;4201;1988;Hipólito Yrigoyen;2.Maíz para grano
334;0;1988;Hurlingham;2.Maíz para grano
335;0;1988;Ituzaingó;2.Maíz para grano
336;0;1988;José C, Paz;2.Maíz para grano
337;34845;1988;Junín;2.Maíz para grano
338;100;1988;La Costa;2.Maíz para grano
339;20;1988;La Matanza;2.Maíz para grano
340;0;1988;Lanús;2.Maíz para grano
341;384;1988;La Plata;2.Maíz para grano
342;713;1988;Laprida;2.Maíz para grano
343;8130;1988;Las Flores;2.Maíz para grano
344;12646;1988;Leandro N, Alem;2.Maíz para grano
345;0;1988;Lezama;2.Maíz para grano
346;29218;1988;Lincoln;2.Maíz para grano
347;12147;1988;Lobería;2.Maíz para grano
348;10437;1988;Lobos;2.Maíz para grano
349;10;1988;Lomas de Zamora;2.Maíz para grano
350;4587;1988;Luján;2.Maíz para grano
351;2582;1988;Magdalena;2.Maíz para grano
352;2374;1988;Maipú;2.Maíz para grano
353;0;1988;Malvinas Argentinas;2.Maíz para grano
354;6154;1988;Mar Chiquita;2.Maíz para grano
355;473;1988;Marcos Paz;2.Maíz para grano
356;3601;1988;Mercedes;2.Maíz para grano
357;5;1988;Merlo;2.Maíz para grano
358;4685;1988;Monte;2.Maíz para grano
359;0;1988;Monte Hermoso;2.Maíz para grano
360;3;1988;Moreno;2.Maíz para grano
361;0;1988;Morón;2.Maíz para grano
362;8751;1988;Navarro;2.Maíz para grano
363;8895;1988;Necochea;2.Maíz para grano
364;22419;1988;9 de julio;2.Maíz para grano
365;6919;1988;Olavarría;2.Maíz para grano
366;331;1988;Patagones;2.Maíz para grano
367;5901;1988;Pehuajó;2.Maíz para grano
368;5095;1988;Pellegrini;2.Maíz para grano
369;36500;1988;Pergamino;2.Maíz para grano
370;1551;1988;Pila;2.Maíz para grano
371;254;1988;Pilar;2.Maíz para grano
372;0;1988;Pinamar;2.Maíz para grano
373;0;1988;Presidente Perón;2.Maíz para grano
374;461;1988;Puán;2.Maíz para grano
375;0;1988;Punta Indio;2.Maíz para grano
376;0;1988;Quilmes;2.Maíz para grano
377;4985;1988;Ramallo;2.Maíz para grano
378;5432;1988;Rauch;2.Maíz para grano
379;28448;1988;Rivadavia;2.Maíz para grano
380;33700;1988;Rojas;2.Maíz para grano
381;13117;1988;Roque Pérez;2.Maíz para grano
382;974;1988;Saavedra;2.Maíz para grano
383;16377;1988;Saladillo;2.Maíz para grano
384;1955;1988;Salliqueló;2.Maíz para grano
385;32415;1988;Salto;2.Maíz para grano
386;9893;1988;San Andrés de Giles;2.Maíz para grano
387;12703;1988;San Antonio de Areco;2.Maíz para grano
388;5628;1988;San Cayetano;2.Maíz para grano
389;0;1988;San Fernando;2.Maíz para grano
390;0;1988;San Isidro;2.Maíz para grano
391;0;1988;San Miguel;2.Maíz para grano
392;3908;1988;San Nicolás;2.Maíz para grano
393;4988;1988;San Pedro;2.Maíz para grano
394;635;1988;San Vicente;2.Maíz para grano
395;6972;1988;Suipacha;2.Maíz para grano
396;26410;1988;Tandil;2.Maíz para grano
397;2280;1988;Tapalqué;2.Maíz para grano
398;0;1988;Tigre;2.Maíz para grano
399;46;1988;Tordillo;2.Maíz para grano
400;666;1988;Tornquist;2.Maíz para grano
401;11474;1988;Trenque Lauquen;2.Maíz para grano
402;9794;1988;Tres Arroyos;2.Maíz para grano
403;2617;1988;Tres de Febrero;2.Maíz para grano
404;0;1988;Tres Lomas;2.Maíz para grano
405;21283;1988;25 de mayo;2.Maíz para grano
406;0;1988;Vicente López;2.Maíz para grano
407;0;1988;Villa Gesell;2.Maíz para grano
408;1841;1988;Villarino;2.Maíz para grano
409;4317;1988;Zárate;2.Maíz para grano
410;640;1988;Indeterminado;2.Maíz para grano
0;1486063;2018;Provincia de Buenos Aires;1.Trigo pan
1;68174;2018;Adolfo Alsina;1.Trigo pan
2;38500;2018;Adolfo Gonzales Chaves;1.Trigo pan
3;15511;2018;Alberti;1.Trigo pan
4;0;2018;Almirante Brown;1.Trigo pan
5;14657;2018;Arrecifes;1.Trigo pan
6;0;2018;Avellaneda;1.Trigo pan
7;2648;2018;Ayacucho;1.Trigo pan
8;23208;2018;Azul;1.Trigo pan
9;13313;2018;Bahía Blanca;1.Trigo pan
10;22102;2018;Balcarce;1.Trigo pan
11;12978;2018;Baradero;1.Trigo pan
12;21318;2018;Benito Juárez;1.Trigo pan
13;0;2018;Berazategui;1.Trigo pan
14;0;2018;Berisso;1.Trigo pan
15;4963;2018;Bolívar;1.Trigo pan
16;15104;2018;Bragado;1.Trigo pan
17;90;2018;Brandsen;1.Trigo pan
18;1860;2018;Campana;1.Trigo pan
19;831;2018;Cañuelas;1.Trigo pan
20;6082;2018;Capitán Sarmiento;1.Trigo pan
21;11935;2018;Carlos Casares;1.Trigo pan
22;11685;2018;Carlos Tejedor;1.Trigo pan
23;3330;2018;Carmen de Areco;1.Trigo pan
24;596;2018;Castelli;1.Trigo pan
25;18970;2018;Chacabuco;1.Trigo pan
26;3260;2018;Chascomús;1.Trigo pan
27;15152;2018;Chivilcoy;1.Trigo pan
28;9386;2018;Colón;1.Trigo pan
29;11214;2018;Coronel de Marina Leonardo Rosales;1.Trigo pan
30;71004;2018;Coronel Dorrego;1.Trigo pan
31;50136;2018;Coronel Pringles;1.Trigo pan
32;84355;2018;Coronel Suárez;1.Trigo pan
33;9416;2018;Daireaux;1.Trigo pan
34;0;2018;Dolores;1.Trigo pan
35;0;2018;Ensenada;1.Trigo pan
36;0;2018;Escobar;1.Trigo pan
37;0;2018;Esteban Echeverría;1.Trigo pan
38;4378;2018;Exaltación de la Cruz;1.Trigo pan
39;60;2018;Ezeiza;1.Trigo pan
40;150;2018;Florencio Varela;1.Trigo pan
41;8778;2018;Florentino Ameghino;1.Trigo pan
42;18301;2018;General Alvarado;1.Trigo pan
43;1100;2018;General Alvear;1.Trigo pan
44;10239;2018;General Arenales;1.Trigo pan
45;2963;2018;General Belgrano;1.Trigo pan
46;791;2018;General Guido;1.Trigo pan
47;3297;2018;General Juan Madariaga;1.Trigo pan
48;27829;2018;General La Madrid;1.Trigo pan
49;566;2018;General Las Heras;1.Trigo pan
50;0;2018;General Lavalle;1.Trigo pan
51;730;2018;General Paz;1.Trigo pan
52;15056;2018;General Pinto;1.Trigo pan
53;9064;2018;General Pueyrredón;1.Trigo pan
54;838;2018;General Rodríguez;1.Trigo pan
55;0;2018;General San Martín;1.Trigo pan
56;9041;2018;General Viamonte;1.Trigo pan
57;25009;2018;General Villegas;1.Trigo pan
58;23673;2018;Guaminí;1.Trigo pan
59;8731;2018;Hipólito Yrigoyen;1.Trigo pan
60;0;2018;Hurlingham;1.Trigo pan
61;0;2018;Ituzaingó;1.Trigo pan
62;0;2018;José C, Paz;1.Trigo pan
63;15601;2018;Junín;1.Trigo pan
64;0;2018;La Costa;1.Trigo pan
65;226;2018;La Matanza;1.Trigo pan
66;0;2018;Lanús;1.Trigo pan
67;35;2018;La Plata;1.Trigo pan
68;8395;2018;Laprida;1.Trigo pan
69;1963;2018;Las Flores;1.Trigo pan
70;9255;2018;Leandro N, Alem;1.Trigo pan
71;1944;2018;Lezama;1.Trigo pan
72;27559;2018;Lincoln;1.Trigo pan
73;37773;2018;Lobería;1.Trigo pan
74;7023;2018;Lobos;1.Trigo pan
75;0;2018;Lomas de Zamora;1.Trigo pan
76;2111;2018;Luján;1.Trigo pan
77;108;2018;Magdalena;1.Trigo pan
78;1286;2018;Maipú;1.Trigo pan
79;0;2018;Malvinas Argentinas;1.Trigo pan
80;3042;2018;Mar Chiquita;1.Trigo pan
81;1770;2018;Marcos Paz;1.Trigo pan
82;3666;2018;Mercedes;1.Trigo pan
83;210;2018;Merlo;1.Trigo pan
84;6400;2018;Monte;1.Trigo pan
85;0;2018;Monte Hermoso;1.Trigo pan
86;83;2018;Moreno;1.Trigo pan
87;0;2018;Morón;1.Trigo pan
88;7910;2018;Navarro;1.Trigo pan
89;40557;2018;Necochea;1.Trigo pan
90;28219;2018;9 de julio;1.Trigo pan
91;15561;2018;Olavarría;1.Trigo pan
92;31950;2018;Patagones;1.Trigo pan
93;32946;2018;Pehuajó;1.Trigo pan
94;3657;2018;Pellegrini;1.Trigo pan
95;26740;2018;Pergamino;1.Trigo pan
96;1048;2018;Pila;1.Trigo pan
97;35;2018;Pilar;1.Trigo pan
98;0;2018;Pinamar;1.Trigo pan
99;0;2018;Presidente Perón;1.Trigo pan
100;46496;2018;Puán;1.Trigo pan
101;0;2018;Punta Indio;1.Trigo pan
102;0;2018;Quilmes;1.Trigo pan
103;9435;2018;Ramallo;1.Trigo pan
104;923;2018;Rauch;1.Trigo pan
105;20032;2018;Rivadavia;1.Trigo pan
106;22359;2018;Rojas;1.Trigo pan
107;4610;2018;Roque Pérez;1.Trigo pan
108;38116;2018;Saavedra;1.Trigo pan
109;2687;2018;Saladillo;1.Trigo pan
110;801;2018;Salliqueló;1.Trigo pan
111;19758;2018;Salto;1.Trigo pan
112;11405;2018;San Andrés de Giles;1.Trigo pan
113;12630;2018;San Antonio de Areco;1.Trigo pan
114;30380;2018;San Cayetano;1.Trigo pan
115;0;2018;San Fernando;1.Trigo pan
116;0;2018;San Isidro;1.Trigo pan
117;0;2018;San Miguel;1.Trigo pan
118;5525;2018;San Nicolás;1.Trigo pan
119;11767;2018;San Pedro;1.Trigo pan
120;145;2018;San Vicente;1.Trigo pan
121;3809;2018;Suipacha;1.Trigo pan
122;22449;2018;Tandil;1.Trigo pan
123;962;2018;Tapalqué;1.Trigo pan
124;0;2018;Tigre;1.Trigo pan
125;0;2018;Tordillo;1.Trigo pan
126;23652;2018;Tornquist;1.Trigo pan
127;25317;2018;Trenque Lauquen;1.Trigo pan
128;76116;2018;Tres Arroyos;1.Trigo pan
129;0;2018;Tres de Febrero;1.Trigo pan
130;2418;2018;Tres Lomas;1.Trigo pan
131;26144;2018;25 de mayo;1.Trigo pan
132;0;2018;Vicente López;1.Trigo pan
133;0;2018;Villa Gesell;1.Trigo pan
134;14978;2018;Villarino;1.Trigo pan
135;3711;2018;Zárate;1.Trigo pan
136;2801764;2002;Provincia de Buenos Aires;1.Trigo pan
137;101935;2002;Adolfo Alsina;1.Trigo pan
138;69857;2002;Adolfo Gonzales Chaves;1.Trigo pan
139;26397;2002;Alberti;1.Trigo pan
140;0;2002;Almirante Brown;1.Trigo pan
141;12476;2002;Arrecifes;1.Trigo pan
142;0;2002;Avellaneda;1.Trigo pan
143;7208;2002;Ayacucho;1.Trigo pan
144;79785;2002;Azul;1.Trigo pan
145;22962;2002;Bahía Blanca;1.Trigo pan
146;55249;2002;Balcarce;1.Trigo pan
147;12987;2002;Baradero;1.Trigo pan
148;40377;2002;Benito Juárez;1.Trigo pan
149;0;2002;Berazategui;1.Trigo pan
150;0;2002;Berisso;1.Trigo pan
151;14480;2002;Bolívar;1.Trigo pan
152;33549;2002;Bragado;1.Trigo pan
153;160;2002;Brandsen;1.Trigo pan
154;1602;2002;Campana;1.Trigo pan
155;2356;2002;Cañuelas;1.Trigo pan
156;5340;2002;Capitán Sarmiento;1.Trigo pan
157;14160;2002;Carlos Casares;1.Trigo pan
158;14565;2002;Carlos Tejedor;1.Trigo pan
159;7457;2002;Carmen de Areco;1.Trigo pan
160;2848;2002;Castelli;1.Trigo pan
161;21013;2002;Chacabuco;1.Trigo pan
162;4729;2002;Chascomús;1.Trigo pan
163;38908;2002;Chivilcoy;1.Trigo pan
164;14397;2002;Colón;1.Trigo pan
165;18758;2002;Coronel de Marina Leonardo Rosales;1.Trigo pan
166;140374;2002;Coronel Dorrego;1.Trigo pan
167;88833;2002;Coronel Pringles;1.Trigo pan
168;136188;2002;Coronel Suárez;1.Trigo pan
169;20200;2002;Daireaux;1.Trigo pan
170;50;2002;Dolores;1.Trigo pan
171;0;2002;Ensenada;1.Trigo pan
172;15;2002;Escobar;1.Trigo pan
173;0;2002;Esteban Echeverría;1.Trigo pan
174;7859;2002;Exaltación de la Cruz;1.Trigo pan
175;0;2002;Ezeiza;1.Trigo pan
176;275;2002;Florencio Varela;1.Trigo pan
177;5662;2002;Florentino Ameghino;1.Trigo pan
178;34479;2002;General Alvarado;1.Trigo pan
179;1870;2002;General Alvear;1.Trigo pan
180;24104;2002;General Arenales;1.Trigo pan
181;4381;2002;General Belgrano;1.Trigo pan
182;465;2002;General Guido;1.Trigo pan
183;3830;2002;General Juan Madariaga;1.Trigo pan
184;32875;2002;General La Madrid;1.Trigo pan
185;1168;2002;General Las Heras;1.Trigo pan
186;95;2002;General Lavalle;1.Trigo pan
187;782;2002;General Paz;1.Trigo pan
188;22518;2002;General Pinto;1.Trigo pan
189;21101;2002;General Pueyrredón;1.Trigo pan
190;935;2002;General Rodríguez;1.Trigo pan
191;0;2002;General San Martín;1.Trigo pan
192;10003;2002;General Viamonte;1.Trigo pan
193;49911;2002;General Villegas;1.Trigo pan
194;61838;2002;Guaminí;1.Trigo pan
195;10032;2002;Hipólito Yrigoyen;1.Trigo pan
196;0;2002;Hurlingham;1.Trigo pan
197;0;2002;Ituzaingó;1.Trigo pan
198;0;2002;José C, Paz;1.Trigo pan
199;19580;2002;Junín;1.Trigo pan
200;0;2002;La Costa;1.Trigo pan
201;630;2002;La Matanza;1.Trigo pan
202;0;2002;Lanús;1.Trigo pan
203;426;2002;La Plata;1.Trigo pan
204;15155;2002;Laprida;1.Trigo pan
205;2959;2002;Las Flores;1.Trigo pan
206;19101;2002;Leandro N, Alem;1.Trigo pan
207;0;2002;Lezama;1.Trigo pan
208;40541;2002;Lincoln;1.Trigo pan
209;99682;2002;Lobería;1.Trigo pan
210;6691;2002;Lobos;1.Trigo pan
211;15;2002;Lomas de Zamora;1.Trigo pan
212;3279;2002;Luján;1.Trigo pan
213;190;2002;Magdalena;1.Trigo pan
214;2714;2002;Maipú;1.Trigo pan
215;0;2002;Malvinas Argentinas;1.Trigo pan
216;5715;2002;Mar Chiquita;1.Trigo pan
217;2170;2002;Marcos Paz;1.Trigo pan
218;4860;2002;Mercedes;1.Trigo pan
219;261;2002;Merlo;1.Trigo pan
220;4571;2002;Monte;1.Trigo pan
221;0;2002;Monte Hermoso;1.Trigo pan
222;0;2002;Moreno;1.Trigo pan
223;0;2002;Morón;1.Trigo pan
224;8362;2002;Navarro;1.Trigo pan
225;135587;2002;Necochea;1.Trigo pan
226;25165;2002;9 de julio;1.Trigo pan
227;35428;2002;Olavarría;1.Trigo pan
228;130198;2002;Patagones;1.Trigo pan
229;41132;2002;Pehuajó;1.Trigo pan
230;8748;2002;Pellegrini;1.Trigo pan
231;37236;2002;Pergamino;1.Trigo pan
232;1427;2002;Pila;1.Trigo pan
233;95;2002;Pilar;1.Trigo pan
234;0;2002;Pinamar;1.Trigo pan
235;650;2002;Presidente Perón;1.Trigo pan
236;88094;2002;Puán;1.Trigo pan
237;85;2002;Punta Indio;1.Trigo pan
238;0;2002;Quilmes;1.Trigo pan
239;13114;2002;Ramallo;1.Trigo pan
240;2048;2002;Rauch;1.Trigo pan
241;20307;2002;Rivadavia;1.Trigo pan
242;27365;2002;Rojas;1.Trigo pan
243;7051;2002;Roque Pérez;1.Trigo pan
244;75676;2002;Saavedra;1.Trigo pan
245;21624;2002;Saladillo;1.Trigo pan
246;6768;2002;Salliqueló;1.Trigo pan
247;23518;2002;Salto;1.Trigo pan
248;17065;2002;San Andrés de Giles;1.Trigo pan
249;14024;2002;San Antonio de Areco;1.Trigo pan
250;67021;2002;San Cayetano;1.Trigo pan
251;0;2002;San Fernando;1.Trigo pan
252;0;2002;San Isidro;1.Trigo pan
253;0;2002;San Miguel;1.Trigo pan
254;7883;2002;San Nicolás;1.Trigo pan
255;14439;2002;San Pedro;1.Trigo pan
256;0;2002;San Vicente;1.Trigo pan
257;5625;2002;Suipacha;1.Trigo pan
258;83920;2002;Tandil;1.Trigo pan
259;1330;2002;Tapalqué;1.Trigo pan
260;0;2002;Tigre;1.Trigo pan
261;0;2002;Tordillo;1.Trigo pan
262;65451;2002;Tornquist;1.Trigo pan
263;33123;2002;Trenque Lauquen;1.Trigo pan
264;161260;2002;Tres Arroyos;1.Trigo pan
265;0;2002;Tres de Febrero;1.Trigo pan
266;7958;2002;Tres Lomas;1.Trigo pan
267;25140;2002;25 de mayo;1.Trigo pan
268;0;2002;Vicente López;1.Trigo pan
269;0;2002;Villa Gesell;1.Trigo pan
270;51288;2002;Villarino;1.Trigo pan
271;4633;2002;Zárate;1.Trigo pan
272;2257131;1988;Provincia de Buenos Aires;1.Trigo pan
273;92638;1988;Adolfo Alsina;1.Trigo pan
274;55308;1988;Adolfo Gonzales Chaves;1.Trigo pan
275;13041;1988;Alberti;1.Trigo pan
276;0;1988;Almirante Brown;1.Trigo pan
277;0;1988;Arrecifes;1.Trigo pan
278;0;1988;Avellaneda;1.Trigo pan
279;4707;1988;Ayacucho;1.Trigo pan
280;41500;1988;Azul;1.Trigo pan
281;28360;1988;Bahía Blanca;1.Trigo pan
282;38373;1988;Balcarce;1.Trigo pan
283;7471;1988;Baradero;1.Trigo pan
284;13416;1988;Bartolomé Mitre;1.Trigo pan
285;46205;1988;Benito Juárez;1.Trigo pan
286;24;1988;Berazategui;1.Trigo pan
287;0;1988;Berisso;1.Trigo pan
288;6627;1988;Bolívar;1.Trigo pan
289;15045;1988;Bragado;1.Trigo pan
290;130;1988;Brandsen;1.Trigo pan
291;524;1988;Campana;1.Trigo pan
292;975;1988;Cañuelas;1.Trigo pan
293;5235;1988;Capitán Sarmiento;1.Trigo pan
294;4921;1988;Carlos Casares;1.Trigo pan
295;3610;1988;Carlos Tejedor;1.Trigo pan
296;5841;1988;Carmen de Areco;1.Trigo pan
297;1090;1988;Castelli;1.Trigo pan
298;22777;1988;Chacabuco;1.Trigo pan
299;775;1988;Chascomús;1.Trigo pan
300;22527;1988;Chivilcoy;1.Trigo pan
301;19823;1988;Colón;1.Trigo pan
302;18198;1988;Coronel de Marina Leonardo Rosales;1.Trigo pan
303;109254;1988;Coronel Dorrego;1.Trigo pan
304;79835;1988;Coronel Pringles;1.Trigo pan
305;110430;1988;Coronel Suárez;1.Trigo pan
306;15054;1988;Daireaux;1.Trigo pan
307;150;1988;Dolores;1.Trigo pan
308;0;1988;Ensenada;1.Trigo pan
309;0;1988;Escobar;1.Trigo pan
310;131;1988;Esteban Echeverría;1.Trigo pan
311;2747;1988;Exaltación de la Cruz;1.Trigo pan
312;0;1988;Ezeiza;1.Trigo pan
313;105;1988;Florencio Varela;1.Trigo pan
314;0;1988;Florentino Ameghino;1.Trigo pan
315;27512;1988;General Alvarado;1.Trigo pan
316;236;1988;General Alvear;1.Trigo pan
317;30870;1988;General Arenales;1.Trigo pan
318;1720;1988;General Belgrano;1.Trigo pan
319;40;1988;General Guido;1.Trigo pan
320;1188;1988;General Juan Madariaga;1.Trigo pan
321;30359;1988;General La Madrid;1.Trigo pan
322;651;1988;General Las Heras;1.Trigo pan
323;100;1988;General Lavalle;1.Trigo pan
324;534;1988;General Paz;1.Trigo pan
325;20702;1988;General Pinto;1.Trigo pan
326;15250;1988;General Pueyrredón;1.Trigo pan
327;607;1988;General Rodríguez;1.Trigo pan
328;0;1988;General San Martín;1.Trigo pan
329;0;1988;General Sarmiento;1.Trigo pan
330;14479;1988;General Viamonte;1.Trigo pan
331;48706;1988;General Villegas;1.Trigo pan
332;34873;1988;Guaminí;1.Trigo pan
333;1740;1988;Hipólito Yrigoyen;1.Trigo pan
334;0;1988;Hurlingham;1.Trigo pan
335;0;1988;Ituzaingó;1.Trigo pan
336;0;1988;José C, Paz;1.Trigo pan
337;32524;1988;Junín;1.Trigo pan
338;0;1988;La Costa;1.Trigo pan
339;409;1988;La Matanza;1.Trigo pan
340;0;1988;Lanús;1.Trigo pan
341;285;1988;La Plata;1.Trigo pan
342;15432;1988;Laprida;1.Trigo pan
343;126;1988;Las Flores;1.Trigo pan
344;7800;1988;Leandro N, Alem;1.Trigo pan
345;0;1988;Lezama;1.Trigo pan
346;30586;1988;Lincoln;1.Trigo pan
347;84086;1988;Lobería;1.Trigo pan
348;1097;1988;Lobos;1.Trigo pan
349;30;1988;Lomas de Zamora;1.Trigo pan
350;3073;1988;Luján;1.Trigo pan
351;1025;1988;Magdalena;1.Trigo pan
352;135;1988;Maipú;1.Trigo pan
353;0;1988;Malvinas Argentinas;1.Trigo pan
354;2897;1988;Mar Chiquita;1.Trigo pan
355;297;1988;Marcos Paz;1.Trigo pan
356;2103;1988;Mercedes;1.Trigo pan
357;5;1988;Merlo;1.Trigo pan
358;1453;1988;Monte;1.Trigo pan
359;0;1988;Monte Hermoso;1.Trigo pan
360;0;1988;Moreno;1.Trigo pan
361;0;1988;Morón;1.Trigo pan
362;4328;1988;Navarro;1.Trigo pan
363;99262;1988;Necochea;1.Trigo pan
364;16925;1988;9 de julio;1.Trigo pan
365;23026;1988;Olavarría;1.Trigo pan
366;125021;1988;Patagones;1.Trigo pan
367;3278;1988;Pehuajó;1.Trigo pan
368;4783;1988;Pellegrini;1.Trigo pan
369;59411;1988;Pergamino;1.Trigo pan
370;194;1988;Pila;1.Trigo pan
371;446;1988;Pilar;1.Trigo pan
372;0;1988;Pinamar;1.Trigo pan
373;0;1988;Presidente Perón;1.Trigo pan
374;96798;1988;Puán;1.Trigo pan
375;0;1988;Punta Indio;1.Trigo pan
376;0;1988;Quilmes;1.Trigo pan
377;11327;1988;Ramallo;1.Trigo pan
378;885;1988;Rauch;1.Trigo pan
379;17314;1988;Rivadavia;1.Trigo pan
380;34526;1988;Rojas;1.Trigo pan
381;1045;1988;Roque Pérez;1.Trigo pan
382;77628;1988;Saavedra;1.Trigo pan
383;1735;1988;Saladillo;1.Trigo pan
384;5821;1988;Salliqueló;1.Trigo pan
385;30806;1988;Salto;1.Trigo pan
386;5124;1988;San Andrés de Giles;1.Trigo pan
387;6810;1988;San Antonio de Areco;1.Trigo pan
388;60534;1988;San Cayetano;1.Trigo pan
389;0;1988;San Fernando;1.Trigo pan
390;0;1988;San Isidro;1.Trigo pan
391;0;1988;San Miguel;1.Trigo pan
392;9268;1988;San Nicolás;1.Trigo pan
393;8165;1988;San Pedro;1.Trigo pan
394;60;1988;San Vicente;1.Trigo pan
395;3865;1988;Suipacha;1.Trigo pan
396;69475;1988;Tandil;1.Trigo pan
397;567;1988;Tapalqué;1.Trigo pan
398;0;1988;Tigre;1.Trigo pan
399;0;1988;Tordillo;1.Trigo pan
400;80517;1988;Tornquist;1.Trigo pan
401;3851;1988;Trenque Lauquen;1.Trigo pan
402;116670;1988;Tres Arroyos;1.Trigo pan
403;3963;1988;Tres de Febrero;1.Trigo pan
404;0;1988;Tres Lomas;1.Trigo pan
405;8928;1988;25 de mayo;1.Trigo pan
406;0;1988;Vicente López;1.Trigo pan
407;0;1988;Villa Gesell;1.Trigo pan
408;61142;1988;Villarino;1.Trigo pan
409;3518;1988;Zárate;1.Trigo pan
410;348;1988;Indeterminado;1.Trigo pan
0;835791;2018;Provincia de Buenos Aires;3.Otros cereales
1;22801;2018;Adolfo Alsina;3.Otros cereales
2;30073;2018;Adolfo Gonzales Chaves;3.Otros cereales
3;2308;2018;Alberti;3.Otros cereales
4;400;2018;Almirante Brown;3.Otros cereales
5;5113;2018;Arrecifes;3.Otros cereales
6;0;2018;Avellaneda;3.Otros cereales
7;2744;2018;Ayacucho;3.Otros cereales
8;18048;2018;Azul;3.Otros cereales
9;5396;2018;Bahía Blanca;3.Otros cereales
10;13209;2018;Balcarce;3.Otros cereales
11;923;2018;Baradero;3.Otros cereales
12;23871;2018;Benito Juárez;3.Otros cereales
13;0;2018;Berazategui;3.Otros cereales
14;0;2018;Berisso;3.Otros cereales
15;9204;2018;Bolívar;3.Otros cereales
16;3671;2018;Bragado;3.Otros cereales
17;0;2018;Brandsen;3.Otros cereales
18;0;2018;Campana;3.Otros cereales
19;4;2018;Cañuelas;3.Otros cereales
20;619;2018;Capitán Sarmiento;3.Otros cereales
21;3534;2018;Carlos Casares;3.Otros cereales
22;4987;2018;Carlos Tejedor;3.Otros cereales
23;645;2018;Carmen de Areco;3.Otros cereales
24;0;2018;Castelli;3.Otros cereales
25;835;2018;Chacabuco;3.Otros cereales
26;1204;2018;Chascomús;3.Otros cereales
27;1791;2018;Chivilcoy;3.Otros cereales
28;454;2018;Colón;3.Otros cereales
29;14305;2018;Coronel de Marina Leonardo Rosales;3.Otros cereales
30;112787;2018;Coronel Dorrego;3.Otros cereales
31;17066;2018;Coronel Pringles;3.Otros cereales
32;31530;2018;Coronel Suárez;3.Otros cereales
33;5758;2018;Daireaux;3.Otros cereales
34;0;2018;Dolores;3.Otros cereales
35;0;2018;Ensenada;3.Otros cereales
36;0;2018;Escobar;3.Otros cereales
37;1;2018;Esteban Echeverría;3.Otros cereales
38;1015;2018;Exaltación de la Cruz;3.Otros cereales
39;0;2018;Ezeiza;3.Otros cereales
40;0;2018;Florencio Varela;3.Otros cereales
41;346;2018;Florentino Ameghino;3.Otros cereales
42;7043;2018;General Alvarado;3.Otros cereales
43;431;2018;General Alvear;3.Otros cereales
44;559;2018;General Arenales;3.Otros cereales
45;825;2018;General Belgrano;3.Otros cereales
46;613;2018;General Guido;3.Otros cereales
47;43;2018;General Juan Madariaga;3.Otros cereales
48;13140;2018;General La Madrid;3.Otros cereales
49;76;2018;General Las Heras;3.Otros cereales
50;0;2018;General Lavalle;3.Otros cereales
51;126;2018;General Paz;3.Otros cereales
52;1702;2018;General Pinto;3.Otros cereales
53;3049;2018;General Pueyrredón;3.Otros cereales
54;28;2018;General Rodríguez;3.Otros cereales
55;0;2018;General San Martín;3.Otros cereales
56;1933;2018;General Viamonte;3.Otros cereales
57;3770;2018;General Villegas;3.Otros cereales
58;9578;2018;Guaminí;3.Otros cereales
59;5199;2018;Hipólito Yrigoyen;3.Otros cereales
60;0;2018;Hurlingham;3.Otros cereales
61;0;2018;Ituzaingó;3.Otros cereales
62;0;2018;José C, Paz;3.Otros cereales
63;2609;2018;Junín;3.Otros cereales
64;0;2018;La Costa;3.Otros cereales
65;80;2018;La Matanza;3.Otros cereales
66;0;2018;Lanús;3.Otros cereales
67;244;2018;La Plata;3.Otros cereales
68;3483;2018;Laprida;3.Otros cereales
69;457;2018;Las Flores;3.Otros cereales
70;352;2018;Leandro N, Alem;3.Otros cereales
71;155;2018;Lezama;3.Otros cereales
72;5046;2018;Lincoln;3.Otros cereales
73;45844;2018;Lobería;3.Otros cereales
74;1945;2018;Lobos;3.Otros cereales
75;0;2018;Lomas de Zamora;3.Otros cereales
76;1163;2018;Luján;3.Otros cereales
77;255;2018;Magdalena;3.Otros cereales
78;487;2018;Maipú;3.Otros cereales
79;0;2018;Malvinas Argentinas;3.Otros cereales
80;623;2018;Mar Chiquita;3.Otros cereales
81;748;2018;Marcos Paz;3.Otros cereales
82;465;2018;Mercedes;3.Otros cereales
83;251;2018;Merlo;3.Otros cereales
84;490;2018;Monte;3.Otros cereales
85;0;2018;Monte Hermoso;3.Otros cereales
86;0;2018;Moreno;3.Otros cereales
87;0;2018;Morón;3.Otros cereales
88;536;2018;Navarro;3.Otros cereales
89;50387;2018;Necochea;3.Otros cereales
90;3392;2018;9 de julio;3.Otros cereales
91;9290;2018;Olavarría;3.Otros cereales
92;15941;2018;Patagones;3.Otros cereales
93;9026;2018;Pehuajó;3.Otros cereales
94;3769;2018;Pellegrini;3.Otros cereales
95;5946;2018;Pergamino;3.Otros cereales
96;69;2018;Pila;3.Otros cereales
97;0;2018;Pilar;3.Otros cereales
98;0;2018;Pinamar;3.Otros cereales
99;0;2018;Presidente Perón;3.Otros cereales
100;35419;2018;Puán;3.Otros cereales
101;0;2018;Punta Indio;3.Otros cereales
102;0;2018;Quilmes;3.Otros cereales
103;1462;2018;Ramallo;3.Otros cereales
104;963;2018;Rauch;3.Otros cereales
105;5553;2018;Rivadavia;3.Otros cereales
106;2415;2018;Rojas;3.Otros cereales
107;263;2018;Roque Pérez;3.Otros cereales
108;20996;2018;Saavedra;3.Otros cereales
109;242;2018;Saladillo;3.Otros cereales
110;1004;2018;Salliqueló;3.Otros cereales
111;1677;2018;Salto;3.Otros cereales
112;1307;2018;San Andrés de Giles;3.Otros cereales
113;758;2018;San Antonio de Areco;3.Otros cereales
114;34428;2018;San Cayetano;3.Otros cereales
115;0;2018;San Fernando;3.Otros cereales
116;0;2018;San Isidro;3.Otros cereales
117;0;2018;San Miguel;3.Otros cereales
118;1450;2018;San Nicolás;3.Otros cereales
119;1052;2018;San Pedro;3.Otros cereales
120;0;2018;San Vicente;3.Otros cereales
121;446;2018;Suipacha;3.Otros cereales
122;44389;2018;Tandil;3.Otros cereales
123;1389;2018;Tapalqué;3.Otros cereales
124;0;2018;Tigre;3.Otros cereales
125;0;2018;Tordillo;3.Otros cereales
126;20413;2018;Tornquist;3.Otros cereales
127;9952;2018;Trenque Lauquen;3.Otros cereales
128;85906;2018;Tres Arroyos;3.Otros cereales
129;0;2018;Tres de Febrero;3.Otros cereales
130;2399;2018;Tres Lomas;3.Otros cereales
131;5340;2018;25 de mayo;3.Otros cereales
132;0;2018;Vicente López;3.Otros cereales
133;0;2018;Villa Gesell;3.Otros cereales
134;10429;2018;Villarino;3.Otros cereales
135;333;2018;Zárate;3.Otros cereales
136;382033;2002;Provincia de Buenos Aires;3.Otros cereales
137;24530;2002;Adolfo Alsina;3.Otros cereales
138;8884;2002;Adolfo Gonzales Chaves;3.Otros cereales
139;4668;2002;Alberti;3.Otros cereales
140;0;2002;Almirante Brown;3.Otros cereales
141;211;2002;Arrecifes;3.Otros cereales
142;0;2002;Avellaneda;3.Otros cereales
143;402;2002;Ayacucho;3.Otros cereales
144;1969;2002;Azul;3.Otros cereales
145;4108;2002;Bahía Blanca;3.Otros cereales
146;1831;2002;Balcarce;3.Otros cereales
147;53;2002;Baradero;3.Otros cereales
148;2564;2002;Benito Juárez;3.Otros cereales
149;0;2002;Berazategui;3.Otros cereales
150;0;2002;Berisso;3.Otros cereales
151;1197;2002;Bolívar;3.Otros cereales
152;8037;2002;Bragado;3.Otros cereales
153;0;2002;Brandsen;3.Otros cereales
154;200;2002;Campana;3.Otros cereales
155;27;2002;Cañuelas;3.Otros cereales
156;285;2002;Capitán Sarmiento;3.Otros cereales
157;1583;2002;Carlos Casares;3.Otros cereales
158;284;2002;Carlos Tejedor;3.Otros cereales
159;253;2002;Carmen de Areco;3.Otros cereales
160;58;2002;Castelli;3.Otros cereales
161;3321;2002;Chacabuco;3.Otros cereales
162;216;2002;Chascomús;3.Otros cereales
163;415;2002;Chivilcoy;3.Otros cereales
164;775;2002;Colón;3.Otros cereales
165;9418;2002;Coronel de Marina Leonardo Rosales;3.Otros cereales
166;70445;2002;Coronel Dorrego;3.Otros cereales
167;5092;2002;Coronel Pringles;3.Otros cereales
168;21137;2002;Coronel Suárez;3.Otros cereales
169;1633;2002;Daireaux;3.Otros cereales
170;202;2002;Dolores;3.Otros cereales
171;0;2002;Ensenada;3.Otros cereales
172;0;2002;Escobar;3.Otros cereales
173;0;2002;Esteban Echeverría;3.Otros cereales
174;0;2002;Exaltación de la Cruz;3.Otros cereales
175;0;2002;Ezeiza;3.Otros cereales
176;0;2002;Florencio Varela;3.Otros cereales
177;331;2002;Florentino Ameghino;3.Otros cereales
178;1286;2002;General Alvarado;3.Otros cereales
179;634;2002;General Alvear;3.Otros cereales
180;11710;2002;General Arenales;3.Otros cereales
181;50;2002;General Belgrano;3.Otros cereales
182;105;2002;General Guido;3.Otros cereales
183;276;2002;General Juan Madariaga;3.Otros cereales
184;3429;2002;General La Madrid;3.Otros cereales
185;0;2002;General Las Heras;3.Otros cereales
186;70;2002;General Lavalle;3.Otros cereales
187;20;2002;General Paz;3.Otros cereales
188;250;2002;General Pinto;3.Otros cereales
189;0;2002;General Pueyrredón;3.Otros cereales
190;280;2002;General Rodríguez;3.Otros cereales
191;0;2002;General San Martín;3.Otros cereales
192;5326;2002;General Viamonte;3.Otros cereales
193;1866;2002;General Villegas;3.Otros cereales
194;8687;2002;Guaminí;3.Otros cereales
195;304;2002;Hipólito Yrigoyen;3.Otros cereales
196;0;2002;Hurlingham;3.Otros cereales
197;0;2002;Ituzaingó;3.Otros cereales
198;0;2002;José C, Paz;3.Otros cereales
199;9168;2002;Junín;3.Otros cereales
200;0;2002;La Costa;3.Otros cereales
201;50;2002;La Matanza;3.Otros cereales
202;0;2002;Lanús;3.Otros cereales
203;86;2002;La Plata;3.Otros cereales
204;1293;2002;Laprida;3.Otros cereales
205;173;2002;Las Flores;3.Otros cereales
206;984;2002;Leandro N, Alem;3.Otros cereales
207;0;2002;Lezama;3.Otros cereales
208;1722;2002;Lincoln;3.Otros cereales
209;5865;2002;Lobería;3.Otros cereales
210;102;2002;Lobos;3.Otros cereales
211;0;2002;Lomas de Zamora;3.Otros cereales
212;60;2002;Luján;3.Otros cereales
213;35;2002;Magdalena;3.Otros cereales
214;0;2002;Maipú;3.Otros cereales
215;0;2002;Malvinas Argentinas;3.Otros cereales
216;187;2002;Mar Chiquita;3.Otros cereales
217;92;2002;Marcos Paz;3.Otros cereales
218;217;2002;Mercedes;3.Otros cereales
219;28;2002;Merlo;3.Otros cereales
220;245;2002;Monte;3.Otros cereales
221;0;2002;Monte Hermoso;3.Otros cereales
222;0;2002;Moreno;3.Otros cereales
223;0;2002;Morón;3.Otros cereales
224;55;2002;Navarro;3.Otros cereales
225;3222;2002;Necochea;3.Otros cereales
226;3010;2002;9 de julio;3.Otros cereales
227;3607;2002;Olavarría;3.Otros cereales
228;15396;2002;Patagones;3.Otros cereales
229;3409;2002;Pehuajó;3.Otros cereales
230;1052;2002;Pellegrini;3.Otros cereales
231;3168;2002;Pergamino;3.Otros cereales
232;0;2002;Pila;3.Otros cereales
233;0;2002;Pilar;3.Otros cereales
234;0;2002;Pinamar;3.Otros cereales
235;0;2002;Presidente Perón;3.Otros cereales
236;25228;2002;Puán;3.Otros cereales
237;181;2002;Punta Indio;3.Otros cereales
238;0;2002;Quilmes;3.Otros cereales
239;450;2002;Ramallo;3.Otros cereales
240;457;2002;Rauch;3.Otros cereales
241;1014;2002;Rivadavia;3.Otros cereales
242;2268;2002;Rojas;3.Otros cereales
243;67;2002;Roque Pérez;3.Otros cereales
244;11867;2002;Saavedra;3.Otros cereales
245;313;2002;Saladillo;3.Otros cereales
246;929;2002;Salliqueló;3.Otros cereales
247;1230;2002;Salto;3.Otros cereales
248;55;2002;San Andrés de Giles;3.Otros cereales
249;406;2002;San Antonio de Areco;3.Otros cereales
250;7947;2002;San Cayetano;3.Otros cereales
251;0;2002;San Fernando;3.Otros cereales
252;0;2002;San Isidro;3.Otros cereales
253;0;2002;San Miguel;3.Otros cereales
254;524;2002;San Nicolás;3.Otros cereales
255;656;2002;San Pedro;3.Otros cereales
256;0;2002;San Vicente;3.Otros cereales
257;187;2002;Suipacha;3.Otros cereales
258;3404;2002;Tandil;3.Otros cereales
259;55;2002;Tapalqué;3.Otros cereales
260;0;2002;Tigre;3.Otros cereales
261;0;2002;Tordillo;3.Otros cereales
262;9615;2002;Tornquist;3.Otros cereales
263;4080;2002;Trenque Lauquen;3.Otros cereales
264;32660;2002;Tres Arroyos;3.Otros cereales
265;0;2002;Tres de Febrero;3.Otros cereales
266;1446;2002;Tres Lomas;3.Otros cereales
267;2244;2002;25 de mayo;3.Otros cereales
268;0;2002;Vicente López;3.Otros cereales
269;0;2002;Villa Gesell;3.Otros cereales
270;12933;2002;Villarino;3.Otros cereales
271;173;2002;Zárate;3.Otros cereales
272;481777;1988;Provincia de Buenos Aires;3.Otros cereales
273;22767;1988;Adolfo Alsina;3.Otros cereales
274;13559;1988;Adolfo Gonzales Chaves;3.Otros cereales
275;943;1988;Alberti;3.Otros cereales
276;0;1988;Almirante Brown;3.Otros cereales
277;0;1988;Arrecifes;3.Otros cereales
278;0;1988;Avellaneda;3.Otros cereales
279;2415;1988;Ayacucho;3.Otros cereales
280;5219;1988;Azul;3.Otros cereales
281;6195;1988;Bahía Blanca;3.Otros cereales
282;7951;1988;Balcarce;3.Otros cereales
283;285;1988;Baradero;3.Otros cereales
284;583;1988;Bartolomé Mitre;3.Otros cereales
285;6774;1988;Benito Juárez;3.Otros cereales
286;2;1988;Berazategui;3.Otros cereales
287;0;1988;Berisso;3.Otros cereales
288;2100;1988;Bolívar;3.Otros cereales
289;11289;1988;Bragado;3.Otros cereales
290;28;1988;Brandsen;3.Otros cereales
291;133;1988;Campana;3.Otros cereales
292;256;1988;Cañuelas;3.Otros cereales
293;741;1988;Capitán Sarmiento;3.Otros cereales
294;1961;1988;Carlos Casares;3.Otros cereales
295;3335;1988;Carlos Tejedor;3.Otros cereales
296;192;1988;Carmen de Areco;3.Otros cereales
297;100;1988;Castelli;3.Otros cereales
298;880;1988;Chacabuco;3.Otros cereales
299;743;1988;Chascomús;3.Otros cereales
300;843;1988;Chivilcoy;3.Otros cereales
301;602;1988;Colón;3.Otros cereales
302;4006;1988;Coronel de Marina Leonardo Rosales;3.Otros cereales
303;42295;1988;Coronel Dorrego;3.Otros cereales
304;19859;1988;Coronel Pringles;3.Otros cereales
305;12287;1988;Coronel Suárez;3.Otros cereales
306;2883;1988;Daireaux;3.Otros cereales
307;76;1988;Dolores;3.Otros cereales
308;0;1988;Ensenada;3.Otros cereales
309;0;1988;Escobar;3.Otros cereales
310;92;1988;Esteban Echeverría;3.Otros cereales
311;826;1988;Exaltación de la Cruz;3.Otros cereales
312;0;1988;Ezeiza;3.Otros cereales
313;4;1988;Florencio Varela;3.Otros cereales
314;0;1988;Florentino Ameghino;3.Otros cereales
315;2337;1988;General Alvarado;3.Otros cereales
316;1763;1988;General Alvear;3.Otros cereales
317;554;1988;General Arenales;3.Otros cereales
318;772;1988;General Belgrano;3.Otros cereales
319;139;1988;General Guido;3.Otros cereales
320;361;1988;General Juan Madariaga;3.Otros cereales
321;6331;1988;General La Madrid;3.Otros cereales
322;231;1988;General Las Heras;3.Otros cereales
323;0;1988;General Lavalle;3.Otros cereales
324;535;1988;General Paz;3.Otros cereales
325;11503;1988;General Pinto;3.Otros cereales
326;1545;1988;General Pueyrredón;3.Otros cereales
327;313;1988;General Rodríguez;3.Otros cereales
328;0;1988;General San Martín;3.Otros cereales
329;0;1988;General Sarmiento;3.Otros cereales
330;2593;1988;General Viamonte;3.Otros cereales
331;16892;1988;General Villegas;3.Otros cereales
332;9635;1988;Guaminí;3.Otros cereales
333;896;1988;Hipólito Yrigoyen;3.Otros cereales
334;0;1988;Hurlingham;3.Otros cereales
335;0;1988;Ituzaingó;3.Otros cereales
336;0;1988;José C, Paz;3.Otros cereales
337;1806;1988;Junín;3.Otros cereales
338;0;1988;La Costa;3.Otros cereales
339;5;1988;La Matanza;3.Otros cereales
340;0;1988;Lanús;3.Otros cereales
341;5;1988;La Plata;3.Otros cereales
342;2579;1988;Laprida;3.Otros cereales
343;346;1988;Las Flores;3.Otros cereales
344;3352;1988;Leandro N, Alem;3.Otros cereales
345;0;1988;Lezama;3.Otros cereales
346;13296;1988;Lincoln;3.Otros cereales
347;14444;1988;Lobería;3.Otros cereales
348;791;1988;Lobos;3.Otros cereales
349;0;1988;Lomas de Zamora;3.Otros cereales
350;806;1988;Luján;3.Otros cereales
351;250;1988;Magdalena;3.Otros cereales
352;130;1988;Maipú;3.Otros cereales
353;0;1988;Malvinas Argentinas;3.Otros cereales
354;680;1988;Mar Chiquita;3.Otros cereales
355;58;1988;Marcos Paz;3.Otros cereales
356;91;1988;Mercedes;3.Otros cereales
357;7;1988;Merlo;3.Otros cereales
358;342;1988;Monte;3.Otros cereales
359;0;1988;Monte Hermoso;3.Otros cereales
360;0;1988;Moreno;3.Otros cereales
361;0;1988;Morón;3.Otros cereales
362;1250;1988;Navarro;3.Otros cereales
363;21846;1988;Necochea;3.Otros cereales
364;2047;1988;9 de julio;3.Otros cereales
365;5872;1988;Olavarría;3.Otros cereales
366;11999;1988;Patagones;3.Otros cereales
367;1359;1988;Pehuajó;3.Otros cereales
368;3109;1988;Pellegrini;3.Otros cereales
369;2055;1988;Pergamino;3.Otros cereales
370;180;1988;Pila;3.Otros cereales
371;146;1988;Pilar;3.Otros cereales
372;0;1988;Pinamar;3.Otros cereales
373;0;1988;Presidente Perón;3.Otros cereales
374;17334;1988;Puán;3.Otros cereales
375;0;1988;Punta Indio;3.Otros cereales
376;0;1988;Quilmes;3.Otros cereales
377;187;1988;Ramallo;3.Otros cereales
378;1037;1988;Rauch;3.Otros cereales
379;7383;1988;Rivadavia;3.Otros cereales
380;805;1988;Rojas;3.Otros cereales
381;465;1988;Roque Pérez;3.Otros cereales
382;10716;1988;Saavedra;3.Otros cereales
383;968;1988;Saladillo;3.Otros cereales
384;3319;1988;Salliqueló;3.Otros cereales
385;1992;1988;Salto;3.Otros cereales
386;256;1988;San Andrés de Giles;3.Otros cereales
387;605;1988;San Antonio de Areco;3.Otros cereales
388;20893;1988;San Cayetano;3.Otros cereales
389;0;1988;San Fernando;3.Otros cereales
390;0;1988;San Isidro;3.Otros cereales
391;0;1988;San Miguel;3.Otros cereales
392;234;1988;San Nicolás;3.Otros cereales
393;495;1988;San Pedro;3.Otros cereales
394;158;1988;San Vicente;3.Otros cereales
395;306;1988;Suipacha;3.Otros cereales
396;9323;1988;Tandil;3.Otros cereales
397;1135;1988;Tapalqué;3.Otros cereales
398;0;1988;Tigre;3.Otros cereales
399;0;1988;Tordillo;3.Otros cereales
400;8081;1988;Tornquist;3.Otros cereales
401;4019;1988;Trenque Lauquen;3.Otros cereales
402;55369;1988;Tres Arroyos;3.Otros cereales
403;3500;1988;Tres de Febrero;3.Otros cereales
404;0;1988;Tres Lomas;3.Otros cereales
405;3530;1988;25 de mayo;3.Otros cereales
406;0;1988;Vicente López;3.Otros cereales
407;0;1988;Villa Gesell;3.Otros cereales
408;11856;1988;Villarino;3.Otros cereales
409;474;1988;Zárate;3.Otros cereales
410;0;1988;Indeterminado;3.Otros cereales
