;Cantidad HA;Año del censo;Partido;Tipo de cultivo
0;4510442;2018;Provincia de Buenos Aires;Oleaginosas
1;54835;2018;Adolfo Alsina;Oleaginosas
2;64575;2018;Adolfo Gonzales Chaves;Oleaginosas
3;34435;2018;Alberti;Oleaginosas
4;28;2018;Almirante Brown;Oleaginosas
5;65303;2018;Arrecifes;Oleaginosas
6;0;2018;Avellaneda;Oleaginosas
7;29790;2018;Ayacucho;Oleaginosas
8;78888;2018;Azul;Oleaginosas
9;30;2018;Bahía Blanca;Oleaginosas
10;71987;2018;Balcarce;Oleaginosas
11;45425;2018;Baradero;Oleaginosas
12;59039;2018;Benito Juárez;Oleaginosas
13;60;2018;Berazategui;Oleaginosas
14;0;2018;Berisso;Oleaginosas
15;74508;2018;Bolívar;Oleaginosas
16;59096;2018;Bragado;Oleaginosas
17;190;2018;Brandsen;Oleaginosas
18;3533;2018;Campana;Oleaginosas
19;3857;2018;Cañuelas;Oleaginosas
20;23420;2018;Capitán Sarmiento;Oleaginosas
21;44556;2018;Carlos Casares;Oleaginosas
22;67759;2018;Carlos Tejedor;Oleaginosas
23;26554;2018;Carmen de Areco;Oleaginosas
24;5741;2018;Castelli;Oleaginosas
25;75371;2018;Chacabuco;Oleaginosas
26;14443;2018;Chascomús;Oleaginosas
27;60034;2018;Chivilcoy;Oleaginosas
28;37396;2018;Colón;Oleaginosas
29;0;2018;Coronel de Marina Leonardo Rosales;Oleaginosas
30;66711;2018;Coronel Dorrego;Oleaginosas
31;48782;2018;Coronel Pringles;Oleaginosas
32;105887;2018;Coronel Suárez;Oleaginosas
33;71765;2018;Daireaux;Oleaginosas
34;6;2018;Dolores;Oleaginosas
35;0;2018;Ensenada;Oleaginosas
36;175;2018;Escobar;Oleaginosas
37;0;2018;Esteban Echeverría;Oleaginosas
38;18162;2018;Exaltación de la Cruz;Oleaginosas
39;352;2018;Ezeiza;Oleaginosas
40;200;2018;Florencio Varela;Oleaginosas
41;40610;2018;Florentino Ameghino;Oleaginosas
42;53607;2018;General Alvarado;Oleaginosas
43;14636;2018;General Alvear;Oleaginosas
44;51105;2018;General Arenales;Oleaginosas
45;20347;2018;General Belgrano;Oleaginosas
46;3697;2018;General Guido;Oleaginosas
47;14811;2018;General Juan Madariaga;Oleaginosas
48;44687;2018;General La Madrid;Oleaginosas
49;1668;2018;General Las Heras;Oleaginosas
50;800;2018;General Lavalle;Oleaginosas
51;2987;2018;General Paz;Oleaginosas
52;57491;2018;General Pinto;Oleaginosas
53;26959;2018;General Pueyrredón;Oleaginosas
54;2622;2018;General Rodríguez;Oleaginosas
55;0;2018;General San Martín;Oleaginosas
56;54520;2018;General Viamonte;Oleaginosas
57;191852;2018;General Villegas;Oleaginosas
58;87524;2018;Guaminí;Oleaginosas
59;47216;2018;Hipólito Yrigoyen;Oleaginosas
60;0;2018;Hurlingham;Oleaginosas
61;0;2018;Ituzaingó;Oleaginosas
62;0;2018;José C, Paz;Oleaginosas
63;74998;2018;Junín;Oleaginosas
64;0;2018;La Costa;Oleaginosas
65;1230;2018;La Matanza;Oleaginosas
66;0;2018;Lanús;Oleaginosas
67;448;2018;La Plata;Oleaginosas
68;9323;2018;Laprida;Oleaginosas
69;16285;2018;Las Flores;Oleaginosas
70;48651;2018;Leandro N, Alem;Oleaginosas
71;7277;2018;Lezama;Oleaginosas
72;115424;2018;Lincoln;Oleaginosas
73;132597;2018;Lobería;Oleaginosas
74;28711;2018;Lobos;Oleaginosas
75;0;2018;Lomas de Zamora;Oleaginosas
76;14723;2018;Luján;Oleaginosas
77;1299;2018;Magdalena;Oleaginosas
78;6634;2018;Maipú;Oleaginosas
79;0;2018;Malvinas Argentinas;Oleaginosas
80;17439;2018;Mar Chiquita;Oleaginosas
81;3943;2018;Marcos Paz;Oleaginosas
82;14586;2018;Mercedes;Oleaginosas
83;885;2018;Merlo;Oleaginosas
84;25174;2018;Monte;Oleaginosas
85;0;2018;Monte Hermoso;Oleaginosas
86;83;2018;Moreno;Oleaginosas
87;0;2018;Morón;Oleaginosas
88;30743;2018;Navarro;Oleaginosas
89;138412;2018;Necochea;Oleaginosas
90;106725;2018;9 de julio;Oleaginosas
91;48402;2018;Olavarría;Oleaginosas
92;4585;2018;Patagones;Oleaginosas
93;117939;2018;Pehuajó;Oleaginosas
94;59846;2018;Pellegrini;Oleaginosas
95;131512;2018;Pergamino;Oleaginosas
96;4861;2018;Pila;Oleaginosas
97;443;2018;Pilar;Oleaginosas
98;0;2018;Pinamar;Oleaginosas
99;0;2018;Presidente Perón;Oleaginosas
100;4621;2018;Puán;Oleaginosas
101;0;2018;Punta Indio;Oleaginosas
102;0;2018;Quilmes;Oleaginosas
103;50320;2018;Ramallo;Oleaginosas
104;8244;2018;Rauch;Oleaginosas
105;129631;2018;Rivadavia;Oleaginosas
106;89189;2018;Rojas;Oleaginosas
107;24825;2018;Roque Pérez;Oleaginosas
108;24452;2018;Saavedra;Oleaginosas
109;31755;2018;Saladillo;Oleaginosas
110;26853;2018;Salliqueló;Oleaginosas
111;76220;2018;Salto;Oleaginosas
112;39244;2018;San Andrés de Giles;Oleaginosas
113;38796;2018;San Antonio de Areco;Oleaginosas
114;74803;2018;San Cayetano;Oleaginosas
115;0;2018;San Fernando;Oleaginosas
116;0;2018;San Isidro;Oleaginosas
117;0;2018;San Miguel;Oleaginosas
118;30631;2018;San Nicolás;Oleaginosas
119;49755;2018;San Pedro;Oleaginosas
120;335;2018;San Vicente;Oleaginosas
121;19043;2018;Suipacha;Oleaginosas
122;121193;2018;Tandil;Oleaginosas
123;10792;2018;Tapalqué;Oleaginosas
124;0;2018;Tigre;Oleaginosas
125;0;2018;Tordillo;Oleaginosas
126;4523;2018;Tornquist;Oleaginosas
127;128401;2018;Trenque Lauquen;Oleaginosas
128;170291;2018;Tres Arroyos;Oleaginosas
129;0;2018;Tres de Febrero;Oleaginosas
130;37911;2018;Tres Lomas;Oleaginosas
131;107546;2018;25 de mayo;Oleaginosas
132;0;2018;Vicente López;Oleaginosas
133;0;2018;Villa Gesell;Oleaginosas
134;2423;2018;Villarino;Oleaginosas
135;15440;2018;Zárate;Oleaginosas
136;3493022;2002;Provincia de Buenos Aires;Oleaginosas
137;44916;2002;Adolfo Alsina;Oleaginosas
138;51348;2002;Adolfo Gonzales Chaves;Oleaginosas
139;47633;2002;Alberti;Oleaginosas
140;0;2002;Almirante Brown;Oleaginosas
141;49629;2002;Arrecifes;Oleaginosas
142;0;2002;Avellaneda;Oleaginosas
143;8290;2002;Ayacucho;Oleaginosas
144;83747;2002;Azul;Oleaginosas
145;140;2002;Bahía Blanca;Oleaginosas
146;42204;2002;Balcarce;Oleaginosas
147;33391;2002;Baradero;Oleaginosas
148;31013;2002;Benito Juárez;Oleaginosas
149;0;2002;Berazategui;Oleaginosas
150;0;2002;Berisso;Oleaginosas
151;18133;2002;Bolívar;Oleaginosas
152;71626;2002;Bragado;Oleaginosas
153;355;2002;Brandsen;Oleaginosas
154;5734;2002;Campana;Oleaginosas
155;3406;2002;Cañuelas;Oleaginosas
156;15705;2002;Capitán Sarmiento;Oleaginosas
157;26949;2002;Carlos Casares;Oleaginosas
158;26022;2002;Carlos Tejedor;Oleaginosas
159;28052;2002;Carmen de Areco;Oleaginosas
160;2696;2002;Castelli;Oleaginosas
161;78487;2002;Chacabuco;Oleaginosas
162;8771;2002;Chascomús;Oleaginosas
163;87290;2002;Chivilcoy;Oleaginosas
164;41937;2002;Colón;Oleaginosas
165;0;2002;Coronel de Marina Leonardo Rosales;Oleaginosas
166;50586;2002;Coronel Dorrego;Oleaginosas
167;41514;2002;Coronel Pringles;Oleaginosas
168;96585;2002;Coronel Suárez;Oleaginosas
169;43800;2002;Daireaux;Oleaginosas
170;127;2002;Dolores;Oleaginosas
171;0;2002;Ensenada;Oleaginosas
172;85;2002;Escobar;Oleaginosas
173;0;2002;Esteban Echeverría;Oleaginosas
174;18426;2002;Exaltación de la Cruz;Oleaginosas
175;0;2002;Ezeiza;Oleaginosas
176;90;2002;Florencio Varela;Oleaginosas
177;20684;2002;Florentino Ameghino;Oleaginosas
178;22130;2002;General Alvarado;Oleaginosas
179;5248;2002;General Alvear;Oleaginosas
180;71959;2002;General Arenales;Oleaginosas
181;7532;2002;General Belgrano;Oleaginosas
182;162;2002;General Guido;Oleaginosas
183;4727;2002;General Juan Madariaga;Oleaginosas
184;32079;2002;General La Madrid;Oleaginosas
185;1119;2002;General Las Heras;Oleaginosas
186;130;2002;General Lavalle;Oleaginosas
187;1241;2002;General Paz;Oleaginosas
188;57104;2002;General Pinto;Oleaginosas
189;13863;2002;General Pueyrredón;Oleaginosas
190;1306;2002;General Rodríguez;Oleaginosas
191;0;2002;General San Martín;Oleaginosas
192;46825;2002;General Viamonte;Oleaginosas
193;146084;2002;General Villegas;Oleaginosas
194;54999;2002;Guaminí;Oleaginosas
195;18556;2002;Hipólito Yrigoyen;Oleaginosas
196;0;2002;Hurlingham;Oleaginosas
197;0;2002;Ituzaingó;Oleaginosas
198;0;2002;José C, Paz;Oleaginosas
199;67949;2002;Junín;Oleaginosas
200;0;2002;La Costa;Oleaginosas
201;509;2002;La Matanza;Oleaginosas
202;0;2002;Lanús;Oleaginosas
203;1036;2002;La Plata;Oleaginosas
204;7378;2002;Laprida;Oleaginosas
205;7239;2002;Las Flores;Oleaginosas
206;45673;2002;Leandro N, Alem;Oleaginosas
207;0;2002;Lezama;Oleaginosas
208;104164;2002;Lincoln;Oleaginosas
209;73318;2002;Lobería;Oleaginosas
210;17617;2002;Lobos;Oleaginosas
211;0;2002;Lomas de Zamora;Oleaginosas
212;5065;2002;Luján;Oleaginosas
213;1626;2002;Magdalena;Oleaginosas
214;3026;2002;Maipú;Oleaginosas
215;0;2002;Malvinas Argentinas;Oleaginosas
216;4320;2002;Mar Chiquita;Oleaginosas
217;2529;2002;Marcos Paz;Oleaginosas
218;11840;2002;Mercedes;Oleaginosas
219;221;2002;Merlo;Oleaginosas
220;7743;2002;Monte;Oleaginosas
221;0;2002;Monte Hermoso;Oleaginosas
222;0;2002;Moreno;Oleaginosas
223;0;2002;Morón;Oleaginosas
224;17009;2002;Navarro;Oleaginosas
225;103985;2002;Necochea;Oleaginosas
226;62994;2002;9 de julio;Oleaginosas
227;41892;2002;Olavarría;Oleaginosas
228;2733;2002;Patagones;Oleaginosas
229;91685;2002;Pehuajó;Oleaginosas
230;29704;2002;Pellegrini;Oleaginosas
231;174138;2002;Pergamino;Oleaginosas
232;1576;2002;Pila;Oleaginosas
233;95;2002;Pilar;Oleaginosas
234;0;2002;Pinamar;Oleaginosas
235;675;2002;Presidente Perón;Oleaginosas
236;8174;2002;Puán;Oleaginosas
237;35;2002;Punta Indio;Oleaginosas
238;0;2002;Quilmes;Oleaginosas
239;59636;2002;Ramallo;Oleaginosas
240;1962;2002;Rauch;Oleaginosas
241;82015;2002;Rivadavia;Oleaginosas
242;92856;2002;Rojas;Oleaginosas
243;14043;2002;Roque Pérez;Oleaginosas
244;30638;2002;Saavedra;Oleaginosas
245;54345;2002;Saladillo;Oleaginosas
246;5173;2002;Salliqueló;Oleaginosas
247;81531;2002;Salto;Oleaginosas
248;39024;2002;San Andrés de Giles;Oleaginosas
249;39696;2002;San Antonio de Areco;Oleaginosas
250;48945;2002;San Cayetano;Oleaginosas
251;0;2002;San Fernando;Oleaginosas
252;0;2002;San Isidro;Oleaginosas
253;0;2002;San Miguel;Oleaginosas
254;33686;2002;San Nicolás;Oleaginosas
255;52868;2002;San Pedro;Oleaginosas
256;0;2002;San Vicente;Oleaginosas
257;12014;2002;Suipacha;Oleaginosas
258;80238;2002;Tandil;Oleaginosas
259;1878;2002;Tapalqué;Oleaginosas
260;0;2002;Tigre;Oleaginosas
261;55;2002;Tordillo;Oleaginosas
262;10794;2002;Tornquist;Oleaginosas
263;77696;2002;Trenque Lauquen;Oleaginosas
264;119079;2002;Tres Arroyos;Oleaginosas
265;0;2002;Tres de Febrero;Oleaginosas
266;10896;2002;Tres Lomas;Oleaginosas
267;67052;2002;25 de mayo;Oleaginosas
268;0;2002;Vicente López;Oleaginosas
269;0;2002;Villa Gesell;Oleaginosas
270;3739;2002;Villarino;Oleaginosas
271;12789;2002;Zárate;Oleaginosas
272;2283645;1988;Provincia de Buenos Aires;Oleaginosas
273;37906;1988;Adolfo Alsina;Oleaginosas
274;31870;1988;Adolfo Gonzales Chaves;Oleaginosas
275;22123;1988;Alberti;Oleaginosas
276;0;1988;Almirante Brown;Oleaginosas
277;0;1988;Arrecifes;Oleaginosas
278;0;1988;Avellaneda;Oleaginosas
279;19248;1988;Ayacucho;Oleaginosas
280;34932;1988;Azul;Oleaginosas
281;170;1988;Bahía Blanca;Oleaginosas
282;24646;1988;Balcarce;Oleaginosas
283;26668;1988;Baradero;Oleaginosas
284;54266;1988;Bartolomé Mitre;Oleaginosas
285;25488;1988;Benito Juárez;Oleaginosas
286;206;1988;Berazategui;Oleaginosas
287;120;1988;Berisso;Oleaginosas
288;11376;1988;Bolívar;Oleaginosas
289;45183;1988;Bragado;Oleaginosas
290;335;1988;Brandsen;Oleaginosas
291;2428;1988;Campana;Oleaginosas
292;2390;1988;Cañuelas;Oleaginosas
293;16246;1988;Capitán Sarmiento;Oleaginosas
294;10547;1988;Carlos Casares;Oleaginosas
295;8000;1988;Carlos Tejedor;Oleaginosas
296;13595;1988;Carmen de Areco;Oleaginosas
297;9215;1988;Castelli;Oleaginosas
298;53981;1988;Chacabuco;Oleaginosas
299;7147;1988;Chascomús;Oleaginosas
300;40742;1988;Chivilcoy;Oleaginosas
301;33201;1988;Colón;Oleaginosas
302;0;1988;Coronel de Marina Leonardo Rosales;Oleaginosas
303;40039;1988;Coronel Dorrego;Oleaginosas
304;30145;1988;Coronel Pringles;Oleaginosas
305;63698;1988;Coronel Suárez;Oleaginosas
306;13940;1988;Daireaux;Oleaginosas
307;467;1988;Dolores;Oleaginosas
308;0;1988;Ensenada;Oleaginosas
309;160;1988;Escobar;Oleaginosas
310;291;1988;Esteban Echeverría;Oleaginosas
311;8356;1988;Exaltación de la Cruz;Oleaginosas
312;0;1988;Ezeiza;Oleaginosas
313;83;1988;Florencio Varela;Oleaginosas
314;0;1988;Florentino Ameghino;Oleaginosas
315;13082;1988;General Alvarado;Oleaginosas
316;2102;1988;General Alvear;Oleaginosas
317;55322;1988;General Arenales;Oleaginosas
318;7047;1988;General Belgrano;Oleaginosas
319;1584;1988;General Guido;Oleaginosas
320;1271;1988;General Juan Madariaga;Oleaginosas
321;19866;1988;General La Madrid;Oleaginosas
322;1149;1988;General Las Heras;Oleaginosas
323;370;1988;General Lavalle;Oleaginosas
324;1916;1988;General Paz;Oleaginosas
325;49294;1988;General Pinto;Oleaginosas
326;6622;1988;General Pueyrredón;Oleaginosas
327;668;1988;General Rodríguez;Oleaginosas
328;0;1988;General San Martín;Oleaginosas
329;0;1988;General Sarmiento;Oleaginosas
330;37188;1988;General Viamonte;Oleaginosas
331;84272;1988;General Villegas;Oleaginosas
332;22777;1988;Guaminí;Oleaginosas
333;3372;1988;Hipólito Yrigoyen;Oleaginosas
334;0;1988;Hurlingham;Oleaginosas
335;0;1988;Ituzaingó;Oleaginosas
336;0;1988;José C, Paz;Oleaginosas
337;65133;1988;Junín;Oleaginosas
338;0;1988;La Costa;Oleaginosas
339;119;1988;La Matanza;Oleaginosas
340;0;1988;Lanús;Oleaginosas
341;510;1988;La Plata;Oleaginosas
342;6356;1988;Laprida;Oleaginosas
343;4885;1988;Las Flores;Oleaginosas
344;19012;1988;Leandro N, Alem;Oleaginosas
345;0;1988;Lezama;Oleaginosas
346;63750;1988;Lincoln;Oleaginosas
347;70776;1988;Lobería;Oleaginosas
348;10386;1988;Lobos;Oleaginosas
349;0;1988;Lomas de Zamora;Oleaginosas
350;6386;1988;Luján;Oleaginosas
351;5105;1988;Magdalena;Oleaginosas
352;1350;1988;Maipú;Oleaginosas
353;0;1988;Malvinas Argentinas;Oleaginosas
354;9841;1988;Mar Chiquita;Oleaginosas
355;681;1988;Marcos Paz;Oleaginosas
356;8562;1988;Mercedes;Oleaginosas
357;0;1988;Merlo;Oleaginosas
358;7094;1988;Monte;Oleaginosas
359;0;1988;Monte Hermoso;Oleaginosas
360;65;1988;Moreno;Oleaginosas
361;0;1988;Morón;Oleaginosas
362;13137;1988;Navarro;Oleaginosas
363;79234;1988;Necochea;Oleaginosas
364;39878;1988;9 de julio;Oleaginosas
365;15942;1988;Olavarría;Oleaginosas
366;0;1988;Patagones;Oleaginosas
367;7406;1988;Pehuajó;Oleaginosas
368;12304;1988;Pellegrini;Oleaginosas
369;134694;1988;Pergamino;Oleaginosas
370;1315;1988;Pila;Oleaginosas
371;668;1988;Pilar;Oleaginosas
372;0;1988;Pinamar;Oleaginosas
373;0;1988;Presidente Perón;Oleaginosas
374;11233;1988;Puán;Oleaginosas
375;0;1988;Punta Indio;Oleaginosas
376;0;1988;Quilmes;Oleaginosas
377;52896;1988;Ramallo;Oleaginosas
378;5778;1988;Rauch;Oleaginosas
379;34305;1988;Rivadavia;Oleaginosas
380;63730;1988;Rojas;Oleaginosas
381;6424;1988;Roque Pérez;Oleaginosas
382;30016;1988;Saavedra;Oleaginosas
383;11610;1988;Saladillo;Oleaginosas
384;6628;1988;Salliqueló;Oleaginosas
385;77482;1988;Salto;Oleaginosas
386;20467;1988;San Andrés de Giles;Oleaginosas
387;23727;1988;San Antonio de Areco;Oleaginosas
388;53863;1988;San Cayetano;Oleaginosas
389;0;1988;San Fernando;Oleaginosas
390;0;1988;San Isidro;Oleaginosas
391;0;1988;San Miguel;Oleaginosas
392;32129;1988;San Nicolás;Oleaginosas
393;45583;1988;San Pedro;Oleaginosas
394;415;1988;San Vicente;Oleaginosas
395;10039;1988;Suipacha;Oleaginosas
396;53944;1988;Tandil;Oleaginosas
397;2622;1988;Tapalqué;Oleaginosas
398;0;1988;Tigre;Oleaginosas
399;0;1988;Tordillo;Oleaginosas
400;8331;1988;Tornquist;Oleaginosas
401;9267;1988;Trenque Lauquen;Oleaginosas
402;95904;1988;Tres Arroyos;Oleaginosas
403;0;1988;Tres de Febrero;Oleaginosas
404;6062;1988;Tres Lomas;Oleaginosas
405;26783;1988;25 de mayo;Oleaginosas
406;0;1988;Vicente López;Oleaginosas
407;0;1988;Villa Gesell;Oleaginosas
408;4;1988;Villarino;Oleaginosas
409;12162;1988;Zárate;Oleaginosas
410;555;1988;Indeterminado;Oleaginosas
0;3880253;2018;Provincia de Buenos Aires;Cereales
1;117979;2018;Adolfo Alsina;Cereales
2;77474;2018;Adolfo Gonzales Chaves;Cereales
3;36735;2018;Alberti;Cereales
4;400;2018;Almirante Brown;Cereales
5;37001;2018;Arrecifes;Cereales
6;0;2018;Avellaneda;Cereales
7;19693;2018;Ayacucho;Cereales
8;64505;2018;Azul;Cereales
9;19378;2018;Bahía Blanca;Cereales
10;60553;2018;Balcarce;Cereales
11;26901;2018;Baradero;Cereales
12;55257;2018;Benito Juárez;Cereales
13;40;2018;Berazategui;Cereales
14;0;2018;Berisso;Cereales
15;45848;2018;Bolívar;Cereales
16;45228;2018;Bragado;Cereales
17;120;2018;Brandsen;Cereales
18;3182;2018;Campana;Cereales
19;3042;2018;Cañuelas;Cereales
20;14338;2018;Capitán Sarmiento;Cereales
21;31734;2018;Carlos Casares;Cereales
22;38287;2018;Carlos Tejedor;Cereales
23;12579;2018;Carmen de Areco;Cereales
24;3890;2018;Castelli;Cereales
25;43436;2018;Chacabuco;Cereales
26;13060;2018;Chascomús;Cereales
27;38485;2018;Chivilcoy;Cereales
28;22437;2018;Colón;Cereales
29;26970;2018;Coronel de Marina Leonardo Rosales;Cereales
30;227055;2018;Coronel Dorrego;Cereales
31;77627;2018;Coronel Pringles;Cereales
32;141403;2018;Coronel Suárez;Cereales
33;44478;2018;Daireaux;Cereales
34;500;2018;Dolores;Cereales
35;0;2018;Ensenada;Cereales
36;0;2018;Escobar;Cereales
37;3;2018;Esteban Echeverría;Cereales
38;13138;2018;Exaltación de la Cruz;Cereales
39;60;2018;Ezeiza;Cereales
40;176;2018;Florencio Varela;Cereales
41;27019;2018;Florentino Ameghino;Cereales
42;37853;2018;General Alvarado;Cereales
43;14481;2018;General Alvear;Cereales
44;29539;2018;General Arenales;Cereales
45;13690;2018;General Belgrano;Cereales
46;3852;2018;General Guido;Cereales
47;11890;2018;General Juan Madariaga;Cereales
48;51825;2018;General La Madrid;Cereales
49;2011;2018;General Las Heras;Cereales
50;627;2018;General Lavalle;Cereales
51;2301;2018;General Paz;Cereales
52;38048;2018;General Pinto;Cereales
53;20214;2018;General Pueyrredón;Cereales
54;1685;2018;General Rodríguez;Cereales
55;0;2018;General San Martín;Cereales
56;28692;2018;General Viamonte;Cereales
57;97798;2018;General Villegas;Cereales
58;66420;2018;Guaminí;Cereales
59;32395;2018;Hipólito Yrigoyen;Cereales
60;0;2018;Hurlingham;Cereales
61;0;2018;Ituzaingó;Cereales
62;0;2018;José C, Paz;Cereales
63;38701;2018;Junín;Cereales
64;40;2018;La Costa;Cereales
65;386;2018;La Matanza;Cereales
66;0;2018;Lanús;Cereales
67;535;2018;La Plata;Cereales
68;14547;2018;Laprida;Cereales
69;11377;2018;Las Flores;Cereales
70;28834;2018;Leandro N, Alem;Cereales
71;6213;2018;Lezama;Cereales
72;76769;2018;Lincoln;Cereales
73;117425;2018;Lobería;Cereales
74;24724;2018;Lobos;Cereales
75;0;2018;Lomas de Zamora;Cereales
76;9224;2018;Luján;Cereales
77;2755;2018;Magdalena;Cereales
78;6007;2018;Maipú;Cereales
79;0;2018;Malvinas Argentinas;Cereales
80;15438;2018;Mar Chiquita;Cereales
81;3974;2018;Marcos Paz;Cereales
82;10350;2018;Mercedes;Cereales
83;543;2018;Merlo;Cereales
84;20054;2018;Monte;Cereales
85;0;2018;Monte Hermoso;Cereales
86;85;2018;Moreno;Cereales
87;0;2018;Morón;Cereales
88;19115;2018;Navarro;Cereales
89;116782;2018;Necochea;Cereales
90;67955;2018;9 de julio;Cereales
91;36562;2018;Olavarría;Cereales
92;51294;2018;Patagones;Cereales
93;87171;2018;Pehuajó;Cereales
94;33817;2018;Pellegrini;Cereales
95;60507;2018;Pergamino;Cereales
96;7010;2018;Pila;Cereales
97;115;2018;Pilar;Cereales
98;0;2018;Pinamar;Cereales
99;0;2018;Presidente Perón;Cereales
100;85476;2018;Puán;Cereales
101;78;2018;Punta Indio;Cereales
102;0;2018;Quilmes;Cereales
103;19781;2018;Ramallo;Cereales
104;7235;2018;Rauch;Cereales
105;81377;2018;Rivadavia;Cereales
106;58145;2018;Rojas;Cereales
107;14540;2018;Roque Pérez;Cereales
108;69445;2018;Saavedra;Cereales
109;19666;2018;Saladillo;Cereales
110;11426;2018;Salliqueló;Cereales
111;40481;2018;Salto;Cereales
112;24136;2018;San Andrés de Giles;Cereales
113;29505;2018;San Antonio de Areco;Cereales
114;79200;2018;San Cayetano;Cereales
115;0;2018;San Fernando;Cereales
116;0;2018;San Isidro;Cereales
117;0;2018;San Miguel;Cereales
118;10890;2018;San Nicolás;Cereales
119;25033;2018;San Pedro;Cereales
120;720;2018;San Vicente;Cereales
121;9394;2018;Suipacha;Cereales
122;104982;2018;Tandil;Cereales
123;9260;2018;Tapalqué;Cereales
124;0;2018;Tigre;Cereales
125;0;2018;Tordillo;Cereales
126;50557;2018;Tornquist;Cereales
127;89972;2018;Trenque Lauquen;Cereales
128;201100;2018;Tres Arroyos;Cereales
129;0;2018;Tres de Febrero;Cereales
130;18721;2018;Tres Lomas;Cereales
131;70461;2018;25 de mayo;Cereales
132;0;2018;Vicente López;Cereales
133;0;2018;Villa Gesell;Cereales
134;28814;2018;Villarino;Cereales
135;8225;2018;Zárate;Cereales
136;4042566;2002;Provincia de Buenos Aires;Cereales
137;131184;2002;Adolfo Alsina;Cereales
138;81810;2002;Adolfo Gonzales Chaves;Cereales
139;47040;2002;Alberti;Cereales
140;0;2002;Almirante Brown;Cereales
141;25385;2002;Arrecifes;Cereales
142;0;2002;Avellaneda;Cereales
143;13383;2002;Ayacucho;Cereales
144;101376;2002;Azul;Cereales
145;27100;2002;Bahía Blanca;Cereales
146;71399;2002;Balcarce;Cereales
147;22318;2002;Baradero;Cereales
148;48397;2002;Benito Juárez;Cereales
149;0;2002;Berazategui;Cereales
150;0;2002;Berisso;Cereales
151;21787;2002;Bolívar;Cereales
152;58056;2002;Bragado;Cereales
153;603;2002;Brandsen;Cereales
154;2361;2002;Campana;Cereales
155;4425;2002;Cañuelas;Cereales
156;10653;2002;Capitán Sarmiento;Cereales
157;23013;2002;Carlos Casares;Cereales
158;23686;2002;Carlos Tejedor;Cereales
159;14657;2002;Carmen de Areco;Cereales
160;5293;2002;Castelli;Cereales
161;41796;2002;Chacabuco;Cereales
162;12877;2002;Chascomús;Cereales
163;55563;2002;Chivilcoy;Cereales
164;25206;2002;Colón;Cereales
165;28276;2002;Coronel de Marina Leonardo Rosales;Cereales
166;213564;2002;Coronel Dorrego;Cereales
167;96112;2002;Coronel Pringles;Cereales
168;169648;2002;Coronel Suárez;Cereales
169;35391;2002;Daireaux;Cereales
170;929;2002;Dolores;Cereales
171;0;2002;Ensenada;Cereales
172;15;2002;Escobar;Cereales
173;0;2002;Esteban Echeverría;Cereales
174;11175;2002;Exaltación de la Cruz;Cereales
175;78;2002;Ezeiza;Cereales
176;275;2002;Florencio Varela;Cereales
177;14676;2002;Florentino Ameghino;Cereales
178;44164;2002;General Alvarado;Cereales
179;7267;2002;General Alvear;Cereales
180;57611;2002;General Arenales;Cereales
181;10894;2002;General Belgrano;Cereales
182;2119;2002;General Guido;Cereales
183;8982;2002;General Juan Madariaga;Cereales
184;39960;2002;General La Madrid;Cereales
185;1476;2002;General Las Heras;Cereales
186;602;2002;General Lavalle;Cereales
187;1639;2002;General Paz;Cereales
188;43927;2002;General Pinto;Cereales
189;28454;2002;General Pueyrredón;Cereales
190;2021;2002;General Rodríguez;Cereales
191;0;2002;General San Martín;Cereales
192;22843;2002;General Viamonte;Cereales
193;92965;2002;General Villegas;Cereales
194;81442;2002;Guaminí;Cereales
195;18039;2002;Hipólito Yrigoyen;Cereales
196;0;2002;Hurlingham;Cereales
197;0;2002;Ituzaingó;Cereales
198;0;2002;José C, Paz;Cereales
199;42794;2002;Junín;Cereales
200;0;2002;La Costa;Cereales
201;1062;2002;La Matanza;Cereales
202;0;2002;Lanús;Cereales
203;1208;2002;La Plata;Cereales
204;18547;2002;Laprida;Cereales
205;8314;2002;Las Flores;Cereales
206;33602;2002;Leandro N, Alem;Cereales
207;0;2002;Lezama;Cereales
208;69978;2002;Lincoln;Cereales
209;124508;2002;Lobería;Cereales
210;13491;2002;Lobos;Cereales
211;15;2002;Lomas de Zamora;Cereales
212;6494;2002;Luján;Cereales
213;3812;2002;Magdalena;Cereales
214;6080;2002;Maipú;Cereales
215;0;2002;Malvinas Argentinas;Cereales
216;14524;2002;Mar Chiquita;Cereales
217;2954;2002;Marcos Paz;Cereales
218;8905;2002;Mercedes;Cereales
219;301;2002;Merlo;Cereales
220;8648;2002;Monte;Cereales
221;0;2002;Monte Hermoso;Cereales
222;0;2002;Moreno;Cereales
223;0;2002;Morón;Cereales
224;12285;2002;Navarro;Cereales
225;151151;2002;Necochea;Cereales
226;43630;2002;9 de julio;Cereales
227;47010;2002;Olavarría;Cereales
228;145991;2002;Patagones;Cereales
229;68936;2002;Pehuajó;Cereales
230;17740;2002;Pellegrini;Cereales
231;65628;2002;Pergamino;Cereales
232;2641;2002;Pila;Cereales
233;120;2002;Pilar;Cereales
234;0;2002;Pinamar;Cereales
235;650;2002;Presidente Perón;Cereales
236;113689;2002;Puán;Cereales
237;742;2002;Punta Indio;Cereales
238;0;2002;Quilmes;Cereales
239;20443;2002;Ramallo;Cereales
240;5401;2002;Rauch;Cereales
241;49515;2002;Rivadavia;Cereales
242;53080;2002;Rojas;Cereales
243;13219;2002;Roque Pérez;Cereales
244;91193;2002;Saavedra;Cereales
245;37904;2002;Saladillo;Cereales
246;9799;2002;Salliqueló;Cereales
247;43598;2002;Salto;Cereales
248;24408;2002;San Andrés de Giles;Cereales
249;28429;2002;San Antonio de Areco;Cereales
250;79589;2002;San Cayetano;Cereales
251;0;2002;San Fernando;Cereales
252;0;2002;San Isidro;Cereales
253;0;2002;San Miguel;Cereales
254;14042;2002;San Nicolás;Cereales
255;23209;2002;San Pedro;Cereales
256;0;2002;San Vicente;Cereales
257;8604;2002;Suipacha;Cereales
258;109052;2002;Tandil;Cereales
259;2864;2002;Tapalqué;Cereales
260;0;2002;Tigre;Cereales
261;426;2002;Tordillo;Cereales
262;76510;2002;Tornquist;Cereales
263;73424;2002;Trenque Lauquen;Cereales
264;208851;2002;Tres Arroyos;Cereales
265;0;2002;Tres de Febrero;Cereales
266;13991;2002;Tres Lomas;Cereales
267;42408;2002;25 de mayo;Cereales
268;0;2002;Vicente López;Cereales
269;0;2002;Villa Gesell;Cereales
270;65831;2002;Villarino;Cereales
271;7433;2002;Zárate;Cereales
272;3651208;1988;Provincia de Buenos Aires;Cereales
273;121346;1988;Adolfo Alsina;Cereales
274;71588;1988;Adolfo Gonzales Chaves;Cereales
275;31322;1988;Alberti;Cereales
276;0;1988;Almirante Brown;Cereales
277;0;1988;Arrecifes;Cereales
278;0;1988;Avellaneda;Cereales
279;14466;1988;Ayacucho;Cereales
280;62226;1988;Azul;Cereales
281;34555;1988;Bahía Blanca;Cereales
282;58836;1988;Balcarce;Cereales
283;17698;1988;Baradero;Cereales
284;25017;1988;Bartolomé Mitre;Cereales
285;59281;1988;Benito Juárez;Cereales
286;332;1988;Berazategui;Cereales
287;12;1988;Berisso;Cereales
288;14802;1988;Bolívar;Cereales
289;50083;1988;Bragado;Cereales
290;470;1988;Brandsen;Cereales
291;1441;1988;Campana;Cereales
292;4397;1988;Cañuelas;Cereales
293;13822;1988;Capitán Sarmiento;Cereales
294;14997;1988;Carlos Casares;Cereales
295;12977;1988;Carlos Tejedor;Cereales
296;11853;1988;Carmen de Areco;Cereales
297;3574;1988;Castelli;Cereales
298;62077;1988;Chacabuco;Cereales
299;8189;1988;Chascomús;Cereales
300;49352;1988;Chivilcoy;Cereales
301;36475;1988;Colón;Cereales
302;22204;1988;Coronel de Marina Leonardo Rosales;Cereales
303;155797;1988;Coronel Dorrego;Cereales
304;102800;1988;Coronel Pringles;Cereales
305;130754;1988;Coronel Suárez;Cereales
306;21729;1988;Daireaux;Cereales
307;1785;1988;Dolores;Cereales
308;0;1988;Ensenada;Cereales
309;0;1988;Escobar;Cereales
310;341;1988;Esteban Echeverría;Cereales
311;7048;1988;Exaltación de la Cruz;Cereales
312;0;1988;Ezeiza;Cereales
313;159;1988;Florencio Varela;Cereales
314;0;1988;Florentino Ameghino;Cereales
315;39694;1988;General Alvarado;Cereales
316;7359;1988;General Alvear;Cereales
317;65516;1988;General Arenales;Cereales
318;7313;1988;General Belgrano;Cereales
319;2335;1988;General Guido;Cereales
320;6073;1988;General Juan Madariaga;Cereales
321;39129;1988;General La Madrid;Cereales
322;2084;1988;General Las Heras;Cereales
323;1064;1988;General Lavalle;Cereales
324;3082;1988;General Paz;Cereales
325;49060;1988;General Pinto;Cereales
326;22322;1988;General Pueyrredón;Cereales
327;1788;1988;General Rodríguez;Cereales
328;0;1988;General San Martín;Cereales
329;5;1988;General Sarmiento;Cereales
330;36215;1988;General Viamonte;Cereales
331;97499;1988;General Villegas;Cereales
332;52351;1988;Guaminí;Cereales
333;6837;1988;Hipólito Yrigoyen;Cereales
334;0;1988;Hurlingham;Cereales
335;0;1988;Ituzaingó;Cereales
336;0;1988;José C, Paz;Cereales
337;69174;1988;Junín;Cereales
338;100;1988;La Costa;Cereales
339;433;1988;La Matanza;Cereales
340;0;1988;Lanús;Cereales
341;674;1988;La Plata;Cereales
342;18724;1988;Laprida;Cereales
343;8602;1988;Las Flores;Cereales
344;23797;1988;Leandro N, Alem;Cereales
345;0;1988;Lezama;Cereales
346;73100;1988;Lincoln;Cereales
347;110676;1988;Lobería;Cereales
348;12324;1988;Lobos;Cereales
349;40;1988;Lomas de Zamora;Cereales
350;8467;1988;Luján;Cereales
351;3856;1988;Magdalena;Cereales
352;2639;1988;Maipú;Cereales
353;0;1988;Malvinas Argentinas;Cereales
354;9731;1988;Mar Chiquita;Cereales
355;828;1988;Marcos Paz;Cereales
356;5795;1988;Mercedes;Cereales
357;17;1988;Merlo;Cereales
358;6480;1988;Monte;Cereales
359;0;1988;Monte Hermoso;Cereales
360;3;1988;Moreno;Cereales
361;0;1988;Morón;Cereales
362;14329;1988;Navarro;Cereales
363;130003;1988;Necochea;Cereales
364;41391;1988;9 de julio;Cereales
365;35816;1988;Olavarría;Cereales
366;137351;1988;Patagones;Cereales
367;10538;1988;Pehuajó;Cereales
368;12987;1988;Pellegrini;Cereales
369;97966;1988;Pergamino;Cereales
370;1925;1988;Pila;Cereales
371;845;1988;Pilar;Cereales
372;0;1988;Pinamar;Cereales
373;0;1988;Presidente Perón;Cereales
374;114593;1988;Puán;Cereales
375;0;1988;Punta Indio;Cereales
376;0;1988;Quilmes;Cereales
377;16498;1988;Ramallo;Cereales
378;7354;1988;Rauch;Cereales
379;53145;1988;Rivadavia;Cereales
380;69031;1988;Rojas;Cereales
381;14627;1988;Roque Pérez;Cereales
382;89318;1988;Saavedra;Cereales
383;19080;1988;Saladillo;Cereales
384;11094;1988;Salliqueló;Cereales
385;65214;1988;Salto;Cereales
386;15272;1988;San Andrés de Giles;Cereales
387;20118;1988;San Antonio de Areco;Cereales
388;87054;1988;San Cayetano;Cereales
389;0;1988;San Fernando;Cereales
390;0;1988;San Isidro;Cereales
391;0;1988;San Miguel;Cereales
392;13409;1988;San Nicolás;Cereales
393;13648;1988;San Pedro;Cereales
394;853;1988;San Vicente;Cereales
395;11143;1988;Suipacha;Cereales
396;105208;1988;Tandil;Cereales
397;3982;1988;Tapalqué;Cereales
398;0;1988;Tigre;Cereales
399;46;1988;Tordillo;Cereales
400;89264;1988;Tornquist;Cereales
401;19344;1988;Trenque Lauquen;Cereales
402;181833;1988;Tres Arroyos;Cereales
403;10080;1988;Tres de Febrero;Cereales
404;0;1988;Tres Lomas;Cereales
405;33741;1988;25 de mayo;Cereales
406;0;1988;Vicente López;Cereales
407;0;1988;Villa Gesell;Cereales
408;74839;1988;Villarino;Cereales
409;8308;1988;Zárate;Cereales
410;988;1988;Indeterminado;Cereales
0;2665266;2018;Provincia de Buenos Aires;Forrajeras
1;99032;2018;Adolfo Alsina;Forrajeras
2;29796;2018;Adolfo Gonzales Chaves;Forrajeras
3;3618;2018;Alberti;Forrajeras
4;4;2018;Almirante Brown;Forrajeras
5;3697;2018;Arrecifes;Forrajeras
6;0;2018;Avellaneda;Forrajeras
7;59992;2018;Ayacucho;Forrajeras
8;61365;2018;Azul;Forrajeras
9;34874;2018;Bahía Blanca;Forrajeras
10;46035;2018;Balcarce;Forrajeras
11;4180;2018;Baradero;Forrajeras
12;38565;2018;Benito Juárez;Forrajeras
13;0;2018;Berazategui;Forrajeras
14;1;2018;Berisso;Forrajeras
15;38404;2018;Bolívar;Forrajeras
16;8237;2018;Bragado;Forrajeras
17;5282;2018;Brandsen;Forrajeras
18;792;2018;Campana;Forrajeras
19;6971;2018;Cañuelas;Forrajeras
20;5158;2018;Capitán Sarmiento;Forrajeras
21;21780;2018;Carlos Casares;Forrajeras
22;26369;2018;Carlos Tejedor;Forrajeras
23;5325;2018;Carmen de Areco;Forrajeras
24;13566;2018;Castelli;Forrajeras
25;8903;2018;Chacabuco;Forrajeras
26;16545;2018;Chascomús;Forrajeras
27;5129;2018;Chivilcoy;Forrajeras
28;2742;2018;Colón;Forrajeras
29;21336;2018;Coronel de Marina Leonardo Rosales;Forrajeras
30;65992;2018;Coronel Dorrego;Forrajeras
31;60813;2018;Coronel Pringles;Forrajeras
32;84345;2018;Coronel Suárez;Forrajeras
33;45757;2018;Daireaux;Forrajeras
34;5020;2018;Dolores;Forrajeras
35;0;2018;Ensenada;Forrajeras
36;1084;2018;Escobar;Forrajeras
37;77;2018;Esteban Echeverría;Forrajeras
38;5611;2018;Exaltación de la Cruz;Forrajeras
39;60;2018;Ezeiza;Forrajeras
40;1;2018;Florencio Varela;Forrajeras
41;16602;2018;Florentino Ameghino;Forrajeras
42;9539;2018;General Alvarado;Forrajeras
43;29878;2018;General Alvear;Forrajeras
44;2090;2018;General Arenales;Forrajeras
45;8871;2018;General Belgrano;Forrajeras
46;5836;2018;General Guido;Forrajeras
47;18678;2018;General Juan Madariaga;Forrajeras
48;83489;2018;General La Madrid;Forrajeras
49;6532;2018;General Las Heras;Forrajeras
50;6029;2018;General Lavalle;Forrajeras
51;11706;2018;General Paz;Forrajeras
52;16145;2018;General Pinto;Forrajeras
53;7493;2018;General Pueyrredón;Forrajeras
54;1590;2018;General Rodríguez;Forrajeras
55;0;2018;General San Martín;Forrajeras
56;8561;2018;General Viamonte;Forrajeras
57;44875;2018;General Villegas;Forrajeras
58;98207;2018;Guaminí;Forrajeras
59;9439;2018;Hipólito Yrigoyen;Forrajeras
60;0;2018;Hurlingham;Forrajeras
61;0;2018;Ituzaingó;Forrajeras
62;0;2018;José C, Paz;Forrajeras
63;8389;2018;Junín;Forrajeras
64;0;2018;La Costa;Forrajeras
65;340;2018;La Matanza;Forrajeras
66;0;2018;Lanús;Forrajeras
67;2697;2018;La Plata;Forrajeras
68;29919;2018;Laprida;Forrajeras
69;17018;2018;Las Flores;Forrajeras
70;4164;2018;Leandro N, Alem;Forrajeras
71;7618;2018;Lezama;Forrajeras
72;33586;2018;Lincoln;Forrajeras
73;38019;2018;Lobería;Forrajeras
74;10823;2018;Lobos;Forrajeras
75;128;2018;Lomas de Zamora;Forrajeras
76;3215;2018;Luján;Forrajeras
77;9425;2018;Magdalena;Forrajeras
78;8644;2018;Maipú;Forrajeras
79;0;2018;Malvinas Argentinas;Forrajeras
80;47416;2018;Mar Chiquita;Forrajeras
81;3945;2018;Marcos Paz;Forrajeras
82;9944;2018;Mercedes;Forrajeras
83;288;2018;Merlo;Forrajeras
84;13042;2018;Monte;Forrajeras
85;836;2018;Monte Hermoso;Forrajeras
86;6;2018;Moreno;Forrajeras
87;0;2018;Morón;Forrajeras
88;19199;2018;Navarro;Forrajeras
89;44793;2018;Necochea;Forrajeras
90;34211;2018;9 de julio;Forrajeras
91;73193;2018;Olavarría;Forrajeras
92;141295;2018;Patagones;Forrajeras
93;20295;2018;Pehuajó;Forrajeras
94;23151;2018;Pellegrini;Forrajeras
95;12281;2018;Pergamino;Forrajeras
96;6356;2018;Pila;Forrajeras
97;37;2018;Pilar;Forrajeras
98;0;2018;Pinamar;Forrajeras
99;65;2018;Presidente Perón;Forrajeras
100;96626;2018;Puán;Forrajeras
101;3346;2018;Punta Indio;Forrajeras
102;0;2018;Quilmes;Forrajeras
103;1200;2018;Ramallo;Forrajeras
104;23401;2018;Rauch;Forrajeras
105;32131;2018;Rivadavia;Forrajeras
106;10550;2018;Rojas;Forrajeras
107;4989;2018;Roque Pérez;Forrajeras
108;74023;2018;Saavedra;Forrajeras
109;14198;2018;Saladillo;Forrajeras
110;18680;2018;Salliqueló;Forrajeras
111;3511;2018;Salto;Forrajeras
112;6615;2018;San Andrés de Giles;Forrajeras
113;5843;2018;San Antonio de Areco;Forrajeras
114;26378;2018;San Cayetano;Forrajeras
115;140;2018;San Fernando;Forrajeras
116;0;2018;San Isidro;Forrajeras
117;0;2018;San Miguel;Forrajeras
118;799;2018;San Nicolás;Forrajeras
119;1358;2018;San Pedro;Forrajeras
120;1798;2018;San Vicente;Forrajeras
121;9644;2018;Suipacha;Forrajeras
122;50927;2018;Tandil;Forrajeras
123;23533;2018;Tapalqué;Forrajeras
124;0;2018;Tigre;Forrajeras
125;1241;2018;Tordillo;Forrajeras
126;89040;2018;Tornquist;Forrajeras
127;86399;2018;Trenque Lauquen;Forrajeras
128;64100;2018;Tres Arroyos;Forrajeras
129;0;2018;Tres de Febrero;Forrajeras
130;9480;2018;Tres Lomas;Forrajeras
131;44495;2018;25 de mayo;Forrajeras
132;0;2018;Vicente López;Forrajeras
133;0;2018;Villa Gesell;Forrajeras
134;113037;2018;Villarino;Forrajeras
135;1437;2018;Zárate;Forrajeras
136;4312182;2002;Provincia de Buenos Aires;Forrajeras
137;152592;2002;Adolfo Alsina;Forrajeras
138;76400;2002;Adolfo Gonzales Chaves;Forrajeras
139;4334;2002;Alberti;Forrajeras
140;10;2002;Almirante Brown;Forrajeras
141;7367;2002;Arrecifes;Forrajeras
142;0;2002;Avellaneda;Forrajeras
143;69757;2002;Ayacucho;Forrajeras
144;100869;2002;Azul;Forrajeras
145;58346;2002;Bahía Blanca;Forrajeras
146;82681;2002;Balcarce;Forrajeras
147;6488;2002;Baradero;Forrajeras
148;64596;2002;Benito Juárez;Forrajeras
149;0;2002;Berazategui;Forrajeras
150;61;2002;Berisso;Forrajeras
151;57079;2002;Bolívar;Forrajeras
152;19798;2002;Bragado;Forrajeras
153;10993;2002;Brandsen;Forrajeras
154;631;2002;Campana;Forrajeras
155;5274;2002;Cañuelas;Forrajeras
156;6311;2002;Capitán Sarmiento;Forrajeras
157;18530;2002;Carlos Casares;Forrajeras
158;38692;2002;Carlos Tejedor;Forrajeras
159;14565;2002;Carmen de Areco;Forrajeras
160;11138;2002;Castelli;Forrajeras
161;24015;2002;Chacabuco;Forrajeras
162;26216;2002;Chascomús;Forrajeras
163;19775;2002;Chivilcoy;Forrajeras
164;9972;2002;Colón;Forrajeras
165;27780;2002;Coronel de Marina Leonardo Rosales;Forrajeras
166;91479;2002;Coronel Dorrego;Forrajeras
167;96904;2002;Coronel Pringles;Forrajeras
168;158028;2002;Coronel Suárez;Forrajeras
169;53602;2002;Daireaux;Forrajeras
170;12943;2002;Dolores;Forrajeras
171;0;2002;Ensenada;Forrajeras
172;519;2002;Escobar;Forrajeras
173;0;2002;Esteban Echeverría;Forrajeras
174;6167;2002;Exaltación de la Cruz;Forrajeras
175;240;2002;Ezeiza;Forrajeras
176;0;2002;Florencio Varela;Forrajeras
177;29677;2002;Florentino Ameghino;Forrajeras
178;34670;2002;General Alvarado;Forrajeras
179;25840;2002;General Alvear;Forrajeras
180;9056;2002;General Arenales;Forrajeras
181;18609;2002;General Belgrano;Forrajeras
182;12551;2002;General Guido;Forrajeras
183;25644;2002;General Juan Madariaga;Forrajeras
184;69581;2002;General La Madrid;Forrajeras
185;6949;2002;General Las Heras;Forrajeras
186;10239;2002;General Lavalle;Forrajeras
187;7512;2002;General Paz;Forrajeras
188;44954;2002;General Pinto;Forrajeras
189;26435;2002;General Pueyrredón;Forrajeras
190;5149;2002;General Rodríguez;Forrajeras
191;0;2002;General San Martín;Forrajeras
192;7313;2002;General Viamonte;Forrajeras
193;163503;2002;General Villegas;Forrajeras
194;147876;2002;Guaminí;Forrajeras
195;13670;2002;Hipólito Yrigoyen;Forrajeras
196;0;2002;Hurlingham;Forrajeras
197;0;2002;Ituzaingó;Forrajeras
198;0;2002;José C, Paz;Forrajeras
199;15752;2002;Junín;Forrajeras
200;0;2002;La Costa;Forrajeras
201;3257;2002;La Matanza;Forrajeras
202;0;2002;Lanús;Forrajeras
203;3058;2002;La Plata;Forrajeras
204;54009;2002;Laprida;Forrajeras
205;24459;2002;Las Flores;Forrajeras
206;16285;2002;Leandro N, Alem;Forrajeras
207;0;2002;Lezama;Forrajeras
208;89105;2002;Lincoln;Forrajeras
209;88247;2002;Lobería;Forrajeras
210;27176;2002;Lobos;Forrajeras
211;77;2002;Lomas de Zamora;Forrajeras
212;7907;2002;Luján;Forrajeras
213;15972;2002;Magdalena;Forrajeras
214;26208;2002;Maipú;Forrajeras
215;0;2002;Malvinas Argentinas;Forrajeras
216;67526;2002;Mar Chiquita;Forrajeras
217;4892;2002;Marcos Paz;Forrajeras
218;13282;2002;Mercedes;Forrajeras
219;297;2002;Merlo;Forrajeras
220;23871;2002;Monte;Forrajeras
221;7660;2002;Monte Hermoso;Forrajeras
222;0;2002;Moreno;Forrajeras
223;0;2002;Morón;Forrajeras
224;23190;2002;Navarro;Forrajeras
225;57515;2002;Necochea;Forrajeras
226;38200;2002;9 de julio;Forrajeras
227;83689;2002;Olavarría;Forrajeras
228;175393;2002;Patagones;Forrajeras
229;54234;2002;Pehuajó;Forrajeras
230;80227;2002;Pellegrini;Forrajeras
231;24606;2002;Pergamino;Forrajeras
232;13779;2002;Pila;Forrajeras
233;545;2002;Pilar;Forrajeras
234;0;2002;Pinamar;Forrajeras
235;262;2002;Presidente Perón;Forrajeras
236;118154;2002;Puán;Forrajeras
237;3232;2002;Punta Indio;Forrajeras
238;0;2002;Quilmes;Forrajeras
239;2998;2002;Ramallo;Forrajeras
240;26034;2002;Rauch;Forrajeras
241;93802;2002;Rivadavia;Forrajeras
242;16878;2002;Rojas;Forrajeras
243;5676;2002;Roque Pérez;Forrajeras
244;92809;2002;Saavedra;Forrajeras
245;27693;2002;Saladillo;Forrajeras
246;29718;2002;Salliqueló;Forrajeras
247;14071;2002;Salto;Forrajeras
248;5892;2002;San Andrés de Giles;Forrajeras
249;13485;2002;San Antonio de Areco;Forrajeras
250;32414;2002;San Cayetano;Forrajeras
251;0;2002;San Fernando;Forrajeras
252;0;2002;San Isidro;Forrajeras
253;0;2002;San Miguel;Forrajeras
254;2771;2002;San Nicolás;Forrajeras
255;4607;2002;San Pedro;Forrajeras
256;1955;2002;San Vicente;Forrajeras
257;20630;2002;Suipacha;Forrajeras
258;110056;2002;Tandil;Forrajeras
259;8671;2002;Tapalqué;Forrajeras
260;2;2002;Tigre;Forrajeras
261;9863;2002;Tordillo;Forrajeras
262;98827;2002;Tornquist;Forrajeras
263;168901;2002;Trenque Lauquen;Forrajeras
264;113749;2002;Tres Arroyos;Forrajeras
265;0;2002;Tres de Febrero;Forrajeras
266;47764;2002;Tres Lomas;Forrajeras
267;40522;2002;25 de mayo;Forrajeras
268;0;2002;Vicente López;Forrajeras
269;0;2002;Villa Gesell;Forrajeras
270;163786;2002;Villarino;Forrajeras
271;3177;2002;Zárate;Forrajeras
272;5610541;1988;Provincia de Buenos Aires;Forrajeras
273;203110;1988;Adolfo Alsina;Forrajeras
274;91828;1988;Adolfo Gonzales Chaves;Forrajeras
275;26839;1988;Alberti;Forrajeras
276;83;1988;Almirante Brown;Forrajeras
277;0;1988;Arrecifes;Forrajeras
278;0;1988;Avellaneda;Forrajeras
279;107566;1988;Ayacucho;Forrajeras
280;100112;1988;Azul;Forrajeras
281;54789;1988;Bahía Blanca;Forrajeras
282;115215;1988;Balcarce;Forrajeras
283;17062;1988;Baradero;Forrajeras
284;19623;1988;Bartolomé Mitre;Forrajeras
285;103699;1988;Benito Juárez;Forrajeras
286;200;1988;Berazategui;Forrajeras
287;9;1988;Berisso;Forrajeras
288;47543;1988;Bolívar;Forrajeras
289;48933;1988;Bragado;Forrajeras
290;15688;1988;Brandsen;Forrajeras
291;2463;1988;Campana;Forrajeras
292;13426;1988;Cañuelas;Forrajeras
293;19602;1988;Capitán Sarmiento;Forrajeras
294;36291;1988;Carlos Casares;Forrajeras
295;68357;1988;Carlos Tejedor;Forrajeras
296;16688;1988;Carmen de Areco;Forrajeras
297;33912;1988;Castelli;Forrajeras
298;47690;1988;Chacabuco;Forrajeras
299;49451;1988;Chascomús;Forrajeras
300;51869;1988;Chivilcoy;Forrajeras
301;23478;1988;Colón;Forrajeras
302;33334;1988;Coronel de Marina Leonardo Rosales;Forrajeras
303;99641;1988;Coronel Dorrego;Forrajeras
304;100845;1988;Coronel Pringles;Forrajeras
305;126803;1988;Coronel Suárez;Forrajeras
306;81654;1988;Daireaux;Forrajeras
307;5833;1988;Dolores;Forrajeras
308;0;1988;Ensenada;Forrajeras
309;49;1988;Escobar;Forrajeras
310;1262;1988;Esteban Echeverría;Forrajeras
311;10557;1988;Exaltación de la Cruz;Forrajeras
312;0;1988;Ezeiza;Forrajeras
313;900;1988;Florencio Varela;Forrajeras
314;0;1988;Florentino Ameghino;Forrajeras
315;57729;1988;General Alvarado;Forrajeras
316;24898;1988;General Alvear;Forrajeras
317;20289;1988;General Arenales;Forrajeras
318;21856;1988;General Belgrano;Forrajeras
319;11294;1988;General Guido;Forrajeras
320;26024;1988;General Juan Madariaga;Forrajeras
321;95959;1988;General La Madrid;Forrajeras
322;7353;1988;General Las Heras;Forrajeras
323;11033;1988;General Lavalle;Forrajeras
324;12450;1988;General Paz;Forrajeras
325;166933;1988;General Pinto;Forrajeras
326;44395;1988;General Pueyrredón;Forrajeras
327;5387;1988;General Rodríguez;Forrajeras
328;0;1988;General San Martín;Forrajeras
329;4;1988;General Sarmiento;Forrajeras
330;40267;1988;General Viamonte;Forrajeras
331;268906;1988;General Villegas;Forrajeras
332;134226;1988;Guaminí;Forrajeras
333;22685;1988;Hipólito Yrigoyen;Forrajeras
334;0;1988;Hurlingham;Forrajeras
335;0;1988;Ituzaingó;Forrajeras
336;0;1988;José C, Paz;Forrajeras
337;36634;1988;Junín;Forrajeras
338;3;1988;La Costa;Forrajeras
339;423;1988;La Matanza;Forrajeras
340;0;1988;Lanús;Forrajeras
341;4937;1988;La Plata;Forrajeras
342;60800;1988;Laprida;Forrajeras
343;27376;1988;Las Flores;Forrajeras
344;56273;1988;Leandro N, Alem;Forrajeras
345;0;1988;Lezama;Forrajeras
346;158788;1988;Lincoln;Forrajeras
347;118013;1988;Lobería;Forrajeras
348;28742;1988;Lobos;Forrajeras
349;30;1988;Lomas de Zamora;Forrajeras
350;15133;1988;Luján;Forrajeras
351;23651;1988;Magdalena;Forrajeras
352;28495;1988;Maipú;Forrajeras
353;0;1988;Malvinas Argentinas;Forrajeras
354;56198;1988;Mar Chiquita;Forrajeras
355;6610;1988;Marcos Paz;Forrajeras
356;20896;1988;Mercedes;Forrajeras
357;112;1988;Merlo;Forrajeras
358;31022;1988;Monte;Forrajeras
359;6095;1988;Monte Hermoso;Forrajeras
360;54;1988;Moreno;Forrajeras
361;0;1988;Morón;Forrajeras
362;33643;1988;Navarro;Forrajeras
363;67375;1988;Necochea;Forrajeras
364;88533;1988;9 de julio;Forrajeras
365;142993;1988;Olavarría;Forrajeras
366;116229;1988;Patagones;Forrajeras
367;44950;1988;Pehuajó;Forrajeras
368;62308;1988;Pellegrini;Forrajeras
369;53487;1988;Pergamino;Forrajeras
370;15798;1988;Pila;Forrajeras
371;3075;1988;Pilar;Forrajeras
372;0;1988;Pinamar;Forrajeras
373;0;1988;Presidente Perón;Forrajeras
374;119428;1988;Puán;Forrajeras
375;0;1988;Punta Indio;Forrajeras
376;0;1988;Quilmes;Forrajeras
377;6842;1988;Ramallo;Forrajeras
378;43513;1988;Rauch;Forrajeras
379;163175;1988;Rivadavia;Forrajeras
380;41523;1988;Rojas;Forrajeras
381;12598;1988;Roque Pérez;Forrajeras
382;92011;1988;Saavedra;Forrajeras
383;16814;1988;Saladillo;Forrajeras
384;58790;1988;Salliqueló;Forrajeras
385;25687;1988;Salto;Forrajeras
386;12785;1988;San Andrés de Giles;Forrajeras
387;27828;1988;San Antonio de Areco;Forrajeras
388;51543;1988;San Cayetano;Forrajeras
389;0;1988;San Fernando;Forrajeras
390;0;1988;San Isidro;Forrajeras
391;0;1988;San Miguel;Forrajeras
392;5324;1988;San Nicolás;Forrajeras
393;11731;1988;San Pedro;Forrajeras
394;5088;1988;San Vicente;Forrajeras
395;26378;1988;Suipacha;Forrajeras
396;130844;1988;Tandil;Forrajeras
397;31569;1988;Tapalqué;Forrajeras
398;1;1988;Tigre;Forrajeras
399;2457;1988;Tordillo;Forrajeras
400;89976;1988;Tornquist;Forrajeras
401;124558;1988;Trenque Lauquen;Forrajeras
402;140175;1988;Tres Arroyos;Forrajeras
403;0;1988;Tres de Febrero;Forrajeras
404;53948;1988;Tres Lomas;Forrajeras
405;69304;1988;25 de mayo;Forrajeras
406;0;1988;Vicente López;Forrajeras
407;0;1988;Villa Gesell;Forrajeras
408;180896;1988;Villarino;Forrajeras
409;5291;1988;Zárate;Forrajeras
410;3708;1988;Indeterminado;Forrajeras
